file_name,/JS,/AA,/OpenAction,/AcroForm,/RichMedia,/Launch,/EmbeddedFile,/XFA,/URI,/F,/GoToE,/Extends,/Annot,/Length,/Filter,/FlateDecode,/XObject,/Encrypt,/CreationDate,/Author,subject,/ModDate,html,Script,powershell.exe,cmd.exe,ascii_c,sys,root,reg,exe,http,domain,filepath,ascii,xml,dll,unescape,%u9090%u9090,getIcon,temptmp,eval,%appdata%,chunk,base64,mkdir,replace,fromCharCode,getAnnots,ip,xref_size,trailer_size,file_size,nof_stream,class
file_000,0,0,2,0,0,0,0,0,0,0,0,0,0,1,32,32,3,0,3,2,1,1,2,4,0,0,0,5,2,0,1,4,10,36,41,3,0,1,0,0,0,0,0,0,0,0,2,0,0,7,44,44,270.909,83,1
file_001,0,0,0,0,0,0,0,0,2,2,0,0,0,5,21,19,12,0,2,2,3,1,5,3,0,0,0,7,6,0,3,5,1,22,38,0,2,0,0,0,2,0,0,0,0,0,0,0,0,6,253,506,680.998,76,0
file_002,0,0,0,1,0,0,0,0,0,0,0,0,0,2,20,19,1,0,0,1,1,0,2,4,0,0,0,2,2,0,1,10,21,24,25,2,2,0,0,0,0,0,0,0,0,0,0,0,0,9,0,0,207.992,66,1
file_003,2,0,1,0,0,0,0,0,0,0,0,0,2,0,3,3,0,0,0,1,2,0,1,0,0,0,0,0,0,0,1,0,1,4,3,0,0,0,0,0,0,0,0,0,0,0,0,1,1,1,10,10,16.311,8,1
file_004,0,0,0,0,0,0,1,0,0,1,0,0,0,0,7,7,0,0,3,2,4,2,1,2,0,0,0,2,0,0,4,2,6,9,16,2,0,0,0,0,0,0,0,0,0,0,0,0,0,5,31,51,30.996,28,0
file_005,0,0,0,0,0,0,0,0,0,0,0,0,0,14,51,49,44,0,2,2,1,1,1,0,0,0,0,0,2,0,1,0,1,52,44,0,2,0,0,0,0,0,0,0,0,0,0,0,0,3,2629,5258,2416.587,79,0
file_006,0,0,0,1,0,0,0,0,0,0,0,0,0,3,39,38,2,0,2,2,1,1,4,2,0,0,0,5,0,0,1,7,7,41,68,2,0,0,0,0,1,0,0,0,0,0,0,0,0,13,100,169,188.252,108,0
file_007,7,0,0,1,0,0,0,0,0,0,0,0,0,1,56,55,53,0,2,2,1,1,1,0,0,0,0,0,0,0,1,0,1,57,59,0,0,0,0,0,0,2,0,0,0,0,2,0,0,3,72,72,81.137,115,1
file_008,0,0,0,0,0,0,0,0,0,0,0,0,0,0,5,5,0,0,2,2,1,1,1,2,0,0,0,0,0,0,1,2,7,7,12,2,2,0,0,0,0,0,0,0,0,0,0,0,0,4,24,39,11.081,17,0
file_009,2,0,1,0,0,0,0,0,0,0,0,0,2,0,3,3,0,0,0,1,2,0,1,0,0,0,0,0,0,0,1,0,1,4,5,0,0,1,0,0,0,0,0,0,0,0,0,0,1,1,11,11,8.493,9,1
file_010,0,0,0,1,0,0,8,1,0,1,0,0,1,0,8,8,1,0,2,2,2,0,1,2,0,0,0,0,0,0,2,8,2,10,8,8,0,1,0,0,2,0,0,0,0,0,0,0,0,4,20,20,15.099,36,1
file_011,2,0,1,0,0,0,0,0,0,0,0,0,1,0,2,2,0,0,0,1,1,0,1,0,0,0,0,0,0,0,1,0,1,3,3,0,0,1,0,0,1,0,0,0,0,0,2,0,1,1,9,9,9.922,8,1
file_012,3,0,0,1,0,0,0,0,0,0,0,0,0,0,0,0,0,0,2,2,1,1,1,2,0,0,0,0,0,0,1,0,1,3,4,2,0,0,0,0,0,2,0,0,0,0,0,0,0,3,16,16,14.877,8,1
file_013,3,0,1,0,0,0,0,0,0,0,0,0,0,0,7,7,1,0,0,2,1,1,1,0,0,0,0,0,0,0,1,0,1,8,10,0,0,0,0,0,0,0,0,0,0,0,0,0,0,6,20,20,9.689,16,1
file_014,2,0,1,0,0,0,0,0,0,0,0,0,1,0,2,0,0,0,0,1,2,0,1,0,0,0,0,0,0,0,1,0,1,3,0,0,0,0,0,0,0,0,0,0,0,0,0,0,0,1,9,9,12.849,3,1
file_015,0,0,0,2,0,0,8,0,0,0,0,23,0,1,74,73,4,0,0,1,7,0,2,11,0,0,0,14,2,0,10,9,6,79,90,9,0,0,0,0,4,0,0,0,0,0,0,0,0,21,0,0,173.428,230,0
file_016,0,0,1,0,0,0,0,0,0,0,0,0,0,1,11,11,0,0,2,2,2,1,1,3,0,0,0,2,2,0,2,4,9,13,23,2,0,0,0,0,0,2,0,0,0,0,0,0,0,5,174,324,94.091,37,0
file_017,2,0,1,0,0,0,0,0,0,0,0,0,1,0,2,2,0,0,0,1,2,0,1,0,0,0,0,0,0,0,1,0,1,3,3,0,0,1,0,0,0,2,0,0,0,0,2,0,1,1,9,9,9.573,9,1
file_018,0,0,0,0,0,0,0,0,0,0,0,0,0,0,6,6,0,0,2,2,1,1,1,2,0,0,0,0,0,0,2,2,7,8,13,2,2,0,0,0,0,0,0,0,0,0,0,0,0,5,27,45,11.604,21,0
file_019,2,0,1,0,0,0,0,0,0,0,0,0,2,0,3,3,0,0,0,1,2,0,1,0,0,0,0,0,0,0,1,0,1,4,3,0,0,0,0,0,0,0,0,0,0,0,0,1,1,1,10,10,15.3,8,1
file_020,0,0,0,0,0,0,0,0,0,0,0,0,0,1,2,1,2,0,2,2,1,0,2,0,0,0,0,0,0,0,1,0,1,3,3,0,0,0,0,0,0,0,0,0,0,0,0,0,0,3,21,21,75.181,7,0
file_021,0,0,0,0,0,0,0,0,0,0,0,0,0,2,93,93,53,0,0,1,1,0,1,6,0,0,0,11,0,0,3,3,6,112,51,2,3,0,0,0,0,0,0,0,0,0,0,0,0,8,0,0,228.062,175,0
file_022,0,0,0,0,0,0,0,0,0,0,0,0,0,0,3,3,2,0,2,2,1,1,1,0,0,0,0,0,0,0,1,0,1,4,6,0,0,0,0,0,0,0,0,0,0,0,0,0,0,1,12,15,29.824,5,0
file_023,0,0,0,0,0,0,0,0,27,0,0,0,27,0,6,5,4,0,3,2,2,0,3,4,0,0,0,3,0,0,1,4,34,10,40,2,0,0,0,0,0,0,0,0,0,0,0,0,0,6,70,133,76.782,36,1
file_024,2,0,1,0,0,0,0,0,0,0,0,0,0,0,0,0,0,0,0,1,1,0,1,0,0,0,0,0,0,0,1,0,1,0,0,0,0,1,0,0,0,0,0,2,0,0,0,0,0,1,6,6,2.035,3,1
file_025,0,0,0,2,0,0,0,0,0,0,0,3,0,6,62,61,56,0,0,1,8,0,1,6,0,0,0,8,0,0,9,2,21,142,74,2,0,0,0,0,0,0,0,0,0,0,0,0,0,20,0,0,267.131,247,0
file_026,0,0,0,0,0,0,0,0,1,1,0,2,1,0,23,23,0,0,4,4,3,3,1,4,0,0,0,0,2,0,1,4,20,27,49,2,0,0,0,0,0,0,0,0,0,0,0,0,0,18,341,1988,74.867,81,0
file_027,2,0,1,0,0,0,0,0,0,0,0,0,1,0,2,2,0,0,0,1,2,0,1,0,0,0,0,0,0,0,1,0,1,3,3,0,0,1,0,0,0,2,0,0,0,0,2,0,1,1,9,9,9.259,9,1
file_028,2,0,1,0,0,0,0,0,0,0,0,0,1,0,1,0,0,0,0,1,2,0,1,0,0,0,0,0,0,0,1,0,1,2,0,0,0,0,0,0,0,0,0,0,0,0,0,0,0,1,9,9,12.046,2,1
file_029,0,0,1,0,0,0,0,0,0,0,0,0,0,0,5,5,0,0,2,2,1,1,1,0,0,0,0,0,0,0,1,0,1,6,10,0,0,0,0,0,0,0,0,0,0,0,0,0,0,1,27,39,14.221,9,0
file_030,2,0,1,0,0,0,0,0,0,0,0,0,2,0,3,3,0,0,0,1,2,0,1,0,0,0,0,0,0,0,1,0,1,4,3,0,0,0,0,0,0,0,0,0,0,0,0,1,1,1,10,10,8.442,8,1
file_031,0,0,0,0,0,0,0,0,8,8,0,0,8,0,19,19,0,0,2,2,2,1,1,6,0,0,0,13,0,0,5,9,7,21,40,0,0,0,0,0,7,2,0,0,0,0,0,0,0,15,81,81,91.306,86,0
file_032,0,0,0,0,0,0,0,0,0,0,0,0,0,1,2,1,2,0,2,2,1,0,2,0,0,0,0,0,0,0,1,0,1,3,3,0,0,0,0,0,0,0,0,0,0,0,0,0,0,3,21,21,95.199,7,0
file_033,0,0,0,1,0,0,0,0,0,0,0,0,0,1,35,6,2,0,2,2,1,1,1,2,0,0,0,0,0,0,1,2,6,38,47,2,0,0,0,0,0,0,0,0,0,0,0,0,0,4,50,58,103.437,75,0
file_034,0,0,0,1,0,0,0,0,2,0,0,0,2,1,17,16,3,0,2,2,2,1,2,2,0,0,0,6,0,0,1,2,6,19,112,2,0,0,0,0,0,0,0,0,0,0,0,0,0,7,302,569,126.597,49,0
file_035,0,0,0,0,0,0,0,0,42,50,0,0,0,3,34,33,6,0,2,2,4,1,7,0,0,0,0,6,8,0,1,7,43,37,113,0,0,0,0,0,3,0,0,0,0,0,0,0,0,5,1321,2642,344.169,110,0
file_036,221,47,0,2,0,0,1,0,0,56,0,0,55,3,27,26,6,0,3,3,3,3,2,3,0,0,0,6,2,0,2,4,14,33,194,2,2,0,0,0,1,0,0,0,0,0,0,0,0,10,614,1218,409.493,82,0
file_037,0,0,0,0,0,0,0,0,4,4,0,0,0,1,5,3,4,0,2,2,2,1,1,2,0,0,0,2,2,0,1,4,13,7,13,2,0,0,0,0,0,0,0,0,0,0,0,0,0,4,57,57,101.68,20,1
file_038,2,0,1,1,0,0,0,0,0,0,0,0,0,0,1,1,1,0,0,1,1,0,1,0,0,0,0,2,0,0,2,2,1,2,2,0,2,1,1,2,0,0,0,0,0,0,0,0,0,3,12,12,129.107,11,1
file_039,0,0,0,1,0,0,8,1,0,1,0,0,1,0,8,8,1,0,2,2,2,0,1,2,0,0,0,0,0,0,2,8,2,10,8,8,0,1,0,0,2,0,0,0,0,0,0,0,0,4,20,20,15.021,36,1
file_040,3,1,1,0,0,1,0,0,0,5,0,0,2,0,4,4,0,0,2,2,1,1,1,2,0,0,0,0,0,0,1,0,1,5,5,0,0,0,0,0,0,3,0,0,0,0,0,1,0,3,31,31,11.268,11,1
file_041,2,0,1,0,0,0,0,0,0,0,0,0,2,0,3,3,0,0,0,1,2,0,1,0,0,0,0,0,0,0,1,0,1,4,3,0,0,0,0,0,0,0,0,0,0,0,0,1,1,1,10,10,8.263,8,1
file_042,3,0,0,0,0,0,0,0,0,0,0,0,0,0,2,2,0,0,2,2,1,0,1,0,0,0,0,0,0,0,1,0,1,4,5,0,0,0,0,0,0,2,0,0,0,0,2,0,0,1,9,9,4.38,8,1
file_043,0,0,0,0,0,0,0,0,0,0,0,0,0,2,201,201,0,0,0,1,2,0,1,4,0,0,0,0,0,0,1,3,6,203,298,2,0,0,0,0,0,0,0,0,0,0,0,0,0,13,0,0,504.066,419,0
file_044,0,0,0,0,0,0,0,0,1,1,0,0,1,1,4,4,2,0,2,2,2,1,2,3,0,0,0,0,2,0,2,4,9,6,8,2,0,0,0,0,2,0,0,0,0,0,0,0,0,5,0,0,162.221,24,1
file_045,2,0,1,0,0,0,0,0,0,0,0,0,2,0,3,3,0,0,0,1,2,0,1,0,0,0,0,0,0,0,1,0,1,4,3,0,0,0,0,0,0,0,0,0,0,0,0,1,1,1,10,10,7.878,8,1
file_046,0,0,0,1,0,0,0,0,0,0,0,0,0,1,40,5,2,0,2,2,1,1,1,2,0,0,0,0,0,0,1,2,6,43,69,2,0,0,0,0,0,0,0,0,0,0,0,0,0,8,55,63,153.552,91,0
file_047,2,0,1,0,0,0,0,0,0,0,0,0,2,0,3,3,0,0,0,1,2,0,1,0,0,0,0,0,0,0,1,0,1,4,3,0,0,0,0,0,0,0,0,0,0,0,0,1,1,1,10,10,16.63,8,1
file_048,0,0,0,0,0,0,0,0,0,0,0,0,0,67,226,159,156,0,2,2,1,1,5,36,0,0,0,27,2,0,5,36,233,264,392,41,4,0,0,0,3,0,0,0,0,0,0,0,0,102,471,923,6089.411,759,0
file_049,0,0,0,0,0,0,0,0,1,1,0,5,1,0,19,19,0,0,2,2,2,1,1,3,0,0,0,9,2,0,6,4,8,21,34,2,0,0,0,0,0,0,0,0,0,0,0,0,0,9,602,1184,64.236,65,0
file_050,3,1,1,0,0,1,0,0,0,5,0,0,2,0,4,4,0,0,2,2,1,1,1,2,0,0,0,0,0,0,1,0,1,5,5,0,0,0,0,0,0,3,0,0,0,0,2,1,0,3,31,31,10.718,12,1
file_051,2,0,1,0,0,0,0,0,0,0,0,0,0,0,1,1,0,0,0,1,1,0,1,2,0,0,0,0,0,0,1,0,1,2,2,0,0,0,0,2,0,2,0,0,0,0,2,0,0,1,8,8,3.114,6,1
file_052,0,0,0,2,0,0,0,0,0,0,0,5,0,0,40,38,2,0,0,1,7,0,1,6,0,0,0,7,2,0,3,2,22,43,44,2,0,0,0,0,0,0,0,0,0,0,0,0,0,16,0,0,78.893,111,0
file_053,0,0,0,1,0,0,8,1,0,1,0,0,1,0,9,9,1,0,2,2,2,0,1,2,0,0,0,0,0,0,1,8,1,10,9,8,0,1,0,0,1,0,0,0,0,0,0,0,0,4,20,20,12.35,34,1
file_054,0,0,0,0,0,0,0,0,0,0,0,0,0,0,6,6,0,0,2,2,1,1,1,2,0,0,0,0,0,0,3,3,9,8,10,2,2,0,0,0,0,0,0,0,0,0,0,0,0,4,26,41,29.871,22,0
file_055,2,0,1,0,0,0,0,0,0,0,0,0,1,0,2,2,0,0,0,1,1,0,1,0,0,0,0,0,0,0,1,0,1,3,3,0,0,1,0,0,1,0,0,0,0,0,2,0,1,1,9,9,9.012,8,1
file_056,2,0,1,0,0,0,0,0,0,0,0,0,0,0,1,1,0,0,0,1,1,0,1,2,0,0,0,0,0,0,1,0,1,2,2,0,0,0,0,2,0,2,0,0,0,0,2,0,0,1,8,8,3.018,6,1
file_057,2,0,1,0,0,0,0,0,0,0,0,0,1,0,2,0,0,0,0,1,2,0,1,0,0,0,0,0,0,0,1,0,1,3,3,0,0,0,0,0,0,0,0,0,0,0,2,0,1,1,9,9,9.392,6,1
file_058,0,0,0,0,0,0,0,0,0,3,0,0,0,17,47,37,16,0,2,2,1,1,2,18,0,0,0,17,2,0,2,22,151,65,108,19,2,0,0,0,3,2,0,2,2,0,0,0,0,30,136,218,4564.875,235,1
file_059,8,3,0,1,0,0,0,0,0,18,0,0,18,2,8,7,0,0,2,2,1,1,1,0,0,0,0,0,0,0,1,0,1,42,18,0,0,0,0,0,0,0,0,0,0,0,0,0,0,4,93,101,74.203,47,0
file_060,0,0,0,0,0,0,0,0,24,0,0,0,24,0,6,5,3,0,3,2,2,0,1,2,0,0,0,4,0,0,1,5,35,14,43,2,0,0,0,0,0,0,0,0,0,0,0,0,0,4,67,127,77.179,41,1
file_061,0,0,0,0,0,0,0,0,0,10,0,0,0,0,67,64,14,0,0,1,1,0,4,4,0,0,0,10,2,0,1,5,15,68,77,3,0,0,0,0,3,0,0,0,0,0,0,0,0,13,0,0,408.929,152,0
file_062,2,0,1,0,0,0,0,0,0,0,0,0,0,0,1,1,0,0,0,1,1,0,2,2,0,0,0,0,0,0,1,0,1,2,3,0,2,0,0,0,1,2,0,0,0,0,2,1,0,1,0,0,6.539,10,1
file_063,0,0,0,0,0,0,0,0,0,0,0,0,0,5,21,21,1,0,2,3,1,1,1,2,0,0,0,7,0,0,3,3,14,34,49,2,2,0,0,0,1,0,0,0,0,0,0,0,0,4,102,102,356.337,75,0
file_064,3,0,1,0,0,0,0,0,0,0,0,0,0,0,7,7,1,0,2,2,1,0,1,0,0,0,0,2,2,0,1,0,1,8,13,0,0,0,0,0,0,0,0,0,0,0,0,0,0,4,23,23,12.866,17,1
file_065,0,0,0,0,0,0,0,0,8,0,0,2,8,0,44,44,0,0,2,2,10,1,2,6,0,0,0,0,2,0,5,11,16,46,93,2,0,0,0,0,2,0,0,0,0,0,0,0,0,13,430,847,127.94,125,0
file_066,0,0,0,1,0,0,0,0,0,0,0,0,0,1,24,19,7,0,0,1,1,0,1,6,0,0,0,6,0,0,2,6,7,27,35,4,0,0,0,0,0,0,0,0,0,0,0,0,0,10,0,0,533.512,73,0
file_067,2,0,1,0,0,0,0,0,0,0,0,0,1,0,2,0,0,0,0,1,1,0,1,0,0,0,0,0,0,0,1,0,1,3,3,0,0,0,0,0,0,0,0,0,0,0,0,0,0,1,9,9,12.329,4,1
file_068,2,0,1,0,0,0,0,0,0,0,0,0,0,0,1,1,0,0,0,1,1,0,2,2,0,0,0,0,0,0,1,0,1,2,3,0,2,0,0,0,1,2,0,0,0,0,2,1,0,1,0,0,7.99,10,1
file_069,0,0,0,2,0,0,0,0,0,0,0,2,0,0,36,34,2,0,0,1,11,0,1,8,0,0,0,6,2,0,3,2,19,39,38,2,0,0,0,0,0,0,0,0,0,0,0,0,0,13,0,0,67.17,104,0
file_070,0,0,1,0,0,0,0,0,0,0,0,0,0,1,7,7,0,0,2,2,1,1,1,2,0,0,0,0,0,0,1,3,9,9,14,2,0,0,0,0,0,0,0,0,0,0,0,0,0,3,136,255,50.377,20,0
file_071,0,0,0,0,0,0,0,0,16,16,0,0,0,27,112,105,91,0,2,2,6,1,8,10,0,0,0,8,9,0,2,14,19,114,190,4,7,0,0,0,7,0,0,0,0,0,0,0,0,30,2236,4472,2228.579,319,0
file_072,2,0,1,0,0,0,0,0,0,0,0,0,2,0,3,3,0,0,0,1,2,0,1,0,0,0,0,0,0,0,1,0,1,4,5,0,0,0,0,0,0,0,0,0,0,0,0,1,1,1,10,10,8.292,9,1
file_073,3,0,1,0,0,0,0,0,0,0,0,0,0,0,1,1,1,0,2,2,2,0,1,0,0,0,0,0,0,0,1,0,1,2,2,0,0,1,0,0,1,2,0,0,0,0,2,1,0,3,10,10,9.124,9,1
file_074,0,0,0,0,0,0,0,0,0,0,0,0,0,0,13,13,0,0,2,2,4,1,1,3,0,0,0,0,0,0,2,2,7,15,31,2,2,0,0,0,0,0,0,0,0,0,0,0,0,7,54,99,25.17,42,0
file_075,0,0,0,0,0,0,0,0,1,1,0,0,1,0,14,13,3,0,2,2,2,1,1,3,0,0,0,0,2,0,1,4,7,16,20,2,0,0,0,0,1,0,0,0,0,0,0,0,0,4,76,131,30.615,39,0
file_076,0,0,0,0,0,0,0,0,0,0,0,0,0,0,11,6,10,0,2,2,1,1,1,2,0,0,0,0,0,0,1,2,7,13,23,2,0,0,0,0,0,0,0,0,0,0,0,0,0,6,33,57,271.916,30,0
file_077,0,0,0,0,0,0,0,0,0,0,0,0,0,0,3,2,2,0,2,2,1,1,1,0,0,0,0,0,0,0,1,0,1,4,3,0,0,0,0,0,0,0,0,0,0,0,0,0,0,1,12,15,17.852,3,0
file_078,2,0,1,0,0,0,0,0,0,0,0,0,2,0,3,3,0,0,0,1,2,0,1,0,0,0,0,0,0,0,1,0,1,4,3,0,0,0,0,0,0,0,0,0,0,0,0,1,1,1,10,10,15.927,8,1
file_079,2,0,1,0,0,0,0,0,0,0,0,0,2,0,3,3,0,0,0,1,2,0,1,0,0,0,0,0,0,0,1,0,1,4,5,0,0,0,0,0,0,0,0,0,0,0,0,1,1,1,10,10,8.228,9,1
file_080,0,0,0,0,0,0,0,0,0,0,0,0,0,0,6,5,2,0,2,2,2,1,1,2,0,0,0,3,0,0,5,2,9,8,13,2,0,0,0,0,1,0,0,0,0,0,0,0,0,4,33,47,18.146,25,0
file_081,0,0,0,0,0,0,0,0,2,0,0,0,2,1,1,1,0,0,2,2,1,1,2,0,0,0,0,2,0,0,2,4,3,2,3,2,2,0,0,0,1,0,0,0,0,0,0,0,0,3,14,14,136.687,11,1
file_082,0,0,0,0,0,0,0,0,0,0,0,0,0,1,2,1,2,0,2,2,1,0,1,0,0,0,0,0,0,0,1,0,1,3,3,0,0,0,0,0,0,0,0,0,0,0,0,0,0,3,21,21,73.904,5,0
file_083,3,0,0,1,0,0,0,0,0,0,0,0,0,0,13,13,4,0,0,1,1,0,1,3,0,0,0,0,2,0,1,2,11,17,13,2,0,0,0,0,0,2,0,0,0,0,0,0,0,4,0,0,80.553,31,1
file_084,0,0,0,1,0,0,0,0,0,0,0,0,0,3,30,29,3,0,0,1,3,0,1,3,0,0,0,7,2,0,1,3,6,32,29,2,0,0,0,0,0,0,0,0,0,0,0,0,0,6,0,0,192.653,71,0
file_085,0,0,0,1,0,0,8,1,0,1,0,0,1,0,8,8,1,0,2,2,2,0,1,2,0,0,0,0,0,0,2,8,2,10,8,8,0,1,0,0,2,0,0,0,0,0,0,0,0,4,20,20,15.013,36,1
file_086,5,1,0,2,0,0,0,0,0,37,0,0,37,6,33,32,0,0,3,3,3,3,1,2,0,0,0,8,0,0,13,3,14,88,105,2,0,0,0,0,0,0,0,0,0,0,0,0,0,12,171,332,245.483,186,0
file_087,2,0,1,0,0,0,0,0,0,0,0,0,1,0,2,2,0,0,0,1,1,0,1,0,0,0,0,0,0,0,1,0,1,3,3,0,0,1,0,0,1,0,0,0,0,0,2,0,1,1,9,9,9.218,8,1
file_088,0,0,0,0,0,0,0,0,0,0,0,1,0,0,11,11,0,0,2,2,3,1,1,4,0,0,0,3,2,0,6,2,7,13,17,2,0,0,0,0,2,0,0,0,0,0,0,0,0,6,157,304,24.544,43,0
file_089,0,0,0,0,0,1,0,0,2,1,0,0,25,2,57,54,6,0,3,2,16,4,1,10,0,0,0,18,0,0,12,5,8,59,161,2,0,0,0,0,4,0,0,0,0,0,0,0,0,26,978,1929,323.145,196,0
file_090,2,0,1,0,0,0,0,0,0,0,0,0,1,0,2,2,0,0,0,1,1,0,1,0,0,0,0,0,0,0,1,0,1,3,3,0,0,1,0,0,1,0,0,0,0,0,2,0,1,1,9,9,9.647,8,1
file_091,0,0,0,0,0,0,0,0,0,0,0,0,0,0,17,17,0,0,2,2,6,1,1,3,0,0,0,0,2,0,1,2,7,19,33,2,0,0,0,0,0,0,0,0,0,0,0,0,0,12,136,261,35.733,54,0
file_092,0,0,0,0,0,0,0,0,0,0,0,0,0,0,3,3,2,0,2,2,1,1,1,0,0,0,0,0,0,0,1,0,1,4,5,0,0,0,0,0,0,0,0,0,0,0,0,0,0,1,12,15,27.989,4,0
file_093,0,0,0,0,0,0,0,0,0,0,0,0,0,1,11,11,0,0,2,2,2,1,1,2,0,0,0,0,0,0,1,3,9,13,22,2,2,0,0,0,0,0,0,0,0,0,0,0,0,5,40,64,65.334,32,0
file_094,0,0,0,0,0,0,0,0,8,0,0,0,0,2,8,8,0,0,0,1,1,1,1,0,0,0,0,3,0,0,2,0,1,10,19,0,0,0,0,0,0,0,0,0,0,0,0,0,0,5,70,70,157.491,23,0
file_095,0,0,0,0,0,0,0,0,0,0,0,8,0,0,46,46,7,0,2,2,1,1,1,5,0,0,0,9,2,0,1,5,8,48,69,2,0,0,0,0,0,0,0,0,0,0,0,0,0,9,962,1863,175.67,115,0
file_096,2,0,1,0,0,0,0,0,0,0,0,0,2,0,3,3,0,0,0,1,2,0,1,0,0,0,0,0,0,0,1,0,1,4,5,0,0,0,0,0,0,0,0,0,0,0,0,1,1,1,10,10,8.272,9,1
file_097,1,0,0,1,0,0,0,0,0,75,0,0,75,5,28,27,70,0,2,2,2,1,1,2,0,0,0,8,0,0,7,2,6,109,119,2,0,0,0,0,2,0,0,0,0,0,0,0,0,15,214,232,230.234,174,0
file_098,0,0,0,1,0,0,0,0,0,0,0,0,0,1,19,5,2,0,2,2,1,1,1,2,0,0,0,0,0,0,1,2,6,22,26,2,0,0,0,0,0,0,0,0,0,0,0,0,0,4,34,42,85.104,44,0
file_099,2,0,1,0,0,0,0,0,0,0,0,0,1,0,2,2,0,0,0,1,1,0,1,0,0,0,0,0,0,0,1,0,1,3,3,0,0,1,0,0,1,0,0,0,0,0,2,0,1,1,9,9,9.361,8,1
file_100,2,0,1,0,0,0,0,0,0,0,0,0,1,0,1,0,0,0,0,1,2,0,1,0,0,0,0,0,0,0,1,0,1,2,0,0,0,0,0,0,0,0,0,0,0,0,2,0,1,1,9,9,12.396,4,1
file_101,0,0,0,0,0,0,0,0,0,0,0,0,0,1,2,1,2,0,2,2,1,0,1,0,0,0,0,0,0,0,2,0,1,3,3,0,0,0,0,0,0,0,0,0,0,0,0,0,0,3,21,21,69.597,6,0
file_102,2,0,1,0,0,0,0,0,0,0,0,0,1,0,2,2,0,0,0,1,2,0,1,0,0,0,0,0,0,0,1,0,1,3,3,0,0,1,0,0,0,2,0,0,0,0,2,0,1,1,9,9,9.59,9,1
file_103,0,0,0,0,0,0,0,0,0,0,0,0,0,16,23,9,16,0,2,2,2,1,2,0,0,0,0,2,5,0,1,4,1,24,30,0,0,0,0,0,2,0,0,0,0,0,0,0,0,18,137,274,1053.902,74,0
file_104,0,0,0,2,0,0,0,0,0,8,0,2,9,0,19,18,0,0,3,3,3,2,1,2,0,0,0,6,3,0,1,2,13,21,32,2,0,0,0,0,0,0,0,0,0,0,0,0,0,4,330,1258,53.646,51,0
file_105,2,0,1,0,0,0,0,0,0,0,0,0,2,0,3,3,0,0,0,1,2,0,1,0,0,0,0,0,0,0,1,0,1,4,3,0,0,0,0,0,0,0,0,0,0,0,0,1,1,1,10,10,15.963,8,1
file_106,0,0,1,0,0,0,0,0,0,0,0,0,0,0,13,13,0,0,2,2,1,1,1,0,0,0,0,0,0,0,1,0,1,14,27,0,0,0,0,0,1,0,0,0,0,0,0,0,0,3,51,91,28.404,28,0
file_107,0,0,1,0,0,0,0,0,0,0,0,0,0,0,6,6,0,0,2,2,2,1,1,0,0,0,0,0,0,0,1,0,1,7,12,0,0,0,0,0,1,0,0,0,0,0,0,0,0,3,32,51,14.642,14,0
file_108,2,0,1,0,0,0,0,0,0,0,0,0,1,0,1,0,0,0,0,1,2,0,1,0,0,0,0,0,0,0,1,0,1,2,0,0,0,0,0,0,0,0,0,0,0,0,2,0,1,1,9,9,12.331,4,1
file_109,0,0,1,0,0,0,0,0,0,0,0,5,0,77,56,45,12,2,0,1,1,0,2,2,0,0,0,2,0,0,2,2,8,143,199,3,0,0,0,0,2,0,0,0,0,0,0,0,0,85,0,0,4067.147,329,0
file_110,5,0,0,1,0,0,0,0,0,0,0,0,0,0,2,2,1,0,0,2,1,1,1,0,0,0,0,0,0,0,1,0,1,0,0,2,0,0,0,0,0,0,0,0,0,0,0,0,0,1,12,24,16.585,1,1
file_111,0,0,0,0,0,0,0,0,0,0,0,3,0,0,54,54,0,0,2,2,5,1,1,16,0,0,0,0,2,0,1,2,7,56,102,2,0,0,0,0,5,0,0,0,0,0,0,0,0,18,464,916,110.339,151,0
file_112,3,0,0,0,0,0,0,0,0,0,0,0,0,1,1,0,0,0,2,2,1,1,1,2,0,0,0,0,0,0,1,0,1,3,4,0,0,0,0,0,0,0,0,0,0,0,2,0,0,1,0,16,77.606,5,1
file_113,0,0,0,0,0,0,0,0,0,0,0,0,0,0,3,3,2,0,2,2,1,1,1,0,0,0,0,0,0,0,1,0,1,4,6,0,0,0,0,0,0,0,0,0,0,0,0,0,0,1,12,15,34.656,5,0
file_114,0,0,0,0,0,0,0,0,0,0,0,0,0,0,8,8,0,0,2,2,1,1,2,2,0,0,0,0,0,0,1,2,9,10,18,2,0,0,0,0,0,0,0,0,0,0,0,0,0,5,37,37,22.769,26,0
file_115,0,0,0,0,0,0,0,0,0,2,0,0,0,3,21,21,0,0,2,2,1,1,1,4,0,0,0,9,4,0,1,4,20,25,29,4,3,0,0,0,0,0,0,0,0,0,0,0,0,6,0,0,566.823,71,1
file_116,0,0,0,0,0,0,0,0,5,0,0,0,0,10,711,711,36,0,2,2,1,1,1,6,0,0,0,17,0,0,1,11,21,717,719,6,0,0,0,0,0,0,0,0,0,0,0,0,0,9,817,817,1421.443,1442,0
file_117,0,0,0,0,0,0,0,0,0,1,0,0,0,0,4,4,0,0,2,2,2,1,1,2,0,0,0,0,0,0,9,3,11,13,32,2,0,0,0,0,1,0,0,0,0,0,0,0,0,4,83,113,60.198,40,0
file_118,2,0,1,0,0,0,0,0,0,0,0,0,1,0,2,2,0,0,0,1,1,0,1,0,0,0,0,0,0,0,1,0,1,3,3,0,0,1,0,0,1,0,0,0,0,0,2,0,1,1,9,9,9.698,8,1
file_119,2,0,1,0,0,0,0,0,0,0,0,0,2,0,3,3,0,0,0,1,2,0,1,0,0,0,0,0,0,0,1,0,1,4,3,0,0,0,0,0,0,0,0,0,0,0,0,1,1,1,10,10,16.509,8,1
file_120,0,0,0,0,0,0,0,0,1,0,0,0,0,3,21,20,17,0,2,1,1,1,1,2,0,0,0,4,0,0,1,3,12,22,16,2,0,0,0,0,1,0,0,0,0,0,0,0,0,3,32,32,233.132,38,0
file_121,5,0,1,1,0,0,0,0,0,0,0,0,0,0,1,1,0,0,2,2,1,1,1,4,0,0,0,0,0,0,1,0,1,3,4,0,0,0,0,0,0,2,0,0,0,0,2,1,0,3,15,15,3.483,9,1
file_122,3,0,1,0,0,0,0,0,0,0,0,0,0,0,1,1,1,0,2,2,2,0,1,0,0,0,0,0,0,0,1,0,1,0,3,0,0,0,0,0,0,2,0,0,0,0,2,1,0,1,10,10,16.569,3,1
file_123,0,0,1,0,0,0,0,0,0,0,0,0,0,0,12,12,0,0,2,2,1,1,1,0,0,0,0,0,0,0,1,0,1,13,24,0,0,0,0,0,0,0,0,0,0,0,0,0,0,6,48,85,26.409,28,0
file_124,3,0,0,0,0,0,0,0,0,0,0,0,0,0,1,1,0,0,2,2,1,1,1,2,0,0,0,0,0,0,1,0,1,3,4,0,0,0,0,0,0,0,0,0,0,0,2,0,0,1,0,16,15.406,5,1
file_125,2,0,1,0,0,0,0,0,0,0,0,0,1,0,2,2,0,0,0,1,1,0,1,0,0,0,0,0,0,0,1,0,1,3,3,0,0,1,0,0,1,0,0,0,0,0,2,0,1,1,9,9,9.264,8,1
file_126,0,0,0,0,0,0,0,0,0,0,0,0,0,4,52,52,9,0,4,3,3,3,1,3,0,0,0,26,0,0,1,4,22,56,74,3,0,0,0,0,2,0,0,0,0,0,0,0,0,8,135,438,311.709,146,0
file_127,0,0,0,0,0,0,0,0,0,0,0,0,0,5,52,52,4,0,2,2,2,1,1,0,0,0,0,11,7,0,1,6,1,53,72,0,0,0,0,0,1,6,0,0,0,0,0,0,0,8,672,1344,318.501,136,0
file_128,0,0,0,0,0,0,1,0,0,1,0,0,0,0,7,7,0,0,3,2,4,2,1,2,0,0,0,2,0,0,1,2,6,9,16,2,0,0,0,0,0,3,0,0,0,0,0,0,0,5,27,45,31.018,27,0
file_129,2,0,1,0,0,0,0,0,0,0,0,0,1,0,2,2,0,0,0,1,2,0,1,0,0,0,0,0,0,0,1,0,1,3,3,0,0,1,0,0,0,2,0,0,0,0,2,0,1,1,9,9,9.576,9,1
file_130,0,0,0,0,0,0,0,0,0,0,0,0,0,0,11,11,0,0,2,2,1,1,1,5,0,0,0,4,0,0,1,6,16,16,22,5,0,0,0,0,0,0,0,0,0,0,0,0,0,7,52,52,51.09,48,0
file_131,2,0,1,0,0,0,0,0,0,0,0,0,2,0,3,3,0,0,0,1,2,0,1,0,0,0,0,0,0,0,1,0,1,4,3,0,0,0,0,0,0,0,0,0,0,0,0,1,1,1,10,10,8.702,8,1
file_132,2,0,1,0,0,0,0,0,0,0,0,0,2,0,3,3,0,0,0,1,2,0,1,0,0,0,0,0,0,0,1,0,1,4,5,0,0,1,0,0,0,0,0,0,0,0,0,0,1,1,11,11,8.19,9,1
file_133,0,1,0,0,0,0,0,0,0,1,1,0,0,1,113,113,0,0,0,1,6,0,1,7,0,0,0,3,3,0,3,5,6,116,106,3,4,0,0,0,0,0,0,0,0,0,0,0,0,34,0,0,460.895,238,0
file_134,0,0,0,0,0,0,0,0,0,0,0,0,0,34,311,293,129,0,2,2,1,1,11,78,0,0,0,26,4,0,6,78,490,410,589,82,8,0,0,0,9,0,0,0,0,0,0,0,0,107,0,0,30820.289,1123,0
file_135,2,0,1,0,0,0,0,0,0,0,0,0,2,0,3,3,0,0,0,1,2,0,1,0,0,0,0,0,0,0,1,0,1,4,5,0,0,0,0,0,0,0,0,0,0,0,0,1,1,1,10,10,8.305,9,1
file_136,2,0,1,0,0,0,0,0,0,0,0,0,0,0,3,3,0,0,0,1,1,0,1,0,0,0,0,0,0,0,1,0,1,4,6,0,0,0,0,0,0,0,0,0,0,0,2,0,0,1,18,18,5.081,7,1
file_137,2,0,1,0,0,0,0,0,0,0,0,0,1,0,2,2,0,0,0,1,1,0,1,0,0,0,0,0,0,0,1,0,1,3,3,0,0,1,0,0,1,0,0,0,0,0,2,0,1,1,9,9,9.632,8,1
file_138,2,0,1,0,0,0,0,0,0,0,0,0,2,0,3,3,0,0,0,1,2,0,1,0,0,0,0,0,0,0,1,0,1,4,5,0,0,0,0,0,0,0,0,0,0,0,0,1,1,1,10,10,8.278,9,1
file_139,0,0,0,0,0,0,0,0,15,0,0,0,15,0,6,5,4,0,3,2,2,0,3,4,0,0,0,3,0,0,1,4,21,10,31,2,0,0,0,0,0,0,0,0,0,0,0,0,0,5,58,109,110.943,35,1
file_140,0,0,0,0,0,0,0,0,0,0,0,0,0,0,57,57,0,0,2,2,1,1,1,4,0,0,0,4,0,0,1,5,13,61,66,4,0,0,0,0,0,0,0,0,0,0,0,0,0,5,144,144,330.052,134,0
file_141,0,0,0,0,0,0,0,0,25,0,0,0,25,0,11,10,7,0,3,2,2,0,1,2,0,0,0,5,0,0,1,6,36,21,53,2,0,0,0,0,0,0,0,0,0,0,0,0,0,4,95,183,93.059,58,1
file_142,0,0,0,1,0,0,0,0,0,0,0,1,0,1,56,56,49,0,0,1,2,0,1,2,0,0,0,14,0,0,6,0,1,91,109,0,0,0,0,0,1,0,0,0,0,0,0,0,0,11,0,0,344.093,207,0
file_143,0,0,0,1,0,0,0,0,0,0,0,0,0,1,12,6,2,0,2,2,1,1,1,2,0,0,0,0,0,0,1,2,6,15,20,2,0,0,0,0,0,0,0,0,0,0,0,0,0,3,27,35,107.99,29,0
file_144,0,0,0,1,0,0,0,0,0,0,0,0,0,0,38,37,25,0,0,1,3,0,1,5,0,0,0,6,2,0,1,2,7,44,36,2,0,0,0,0,0,0,0,0,0,0,0,0,0,8,0,0,78.032,94,0
file_145,0,0,0,1,0,0,0,0,0,0,0,0,0,56,715,287,1291,0,0,1,4,0,1,21,0,0,0,20,0,0,5,20,137,1400,736,18,0,0,0,0,0,0,0,0,0,0,0,0,0,64,0,0,5055.314,2155,0
file_146,0,0,0,0,0,0,0,0,0,0,0,0,0,2,94,94,56,0,0,1,1,0,1,5,0,0,0,9,0,0,3,3,6,114,50,2,3,0,0,0,0,0,0,0,0,0,0,0,0,6,0,0,201.425,170,0
file_147,0,0,0,2,0,0,0,0,0,22,0,5,17,0,41,38,11,0,3,3,3,2,2,2,0,0,0,14,2,0,1,2,15,47,55,2,0,0,0,0,1,0,0,0,0,0,0,0,0,10,690,2665,128.137,116,0
file_148,5,0,1,1,0,0,0,0,0,0,0,0,0,0,0,0,0,0,2,2,1,1,1,4,0,0,0,0,0,0,1,0,1,3,4,0,0,0,0,0,0,2,0,0,0,0,0,0,0,3,15,15,6.846,7,1
file_149,2,0,1,0,0,0,0,0,0,0,0,0,2,0,3,3,0,0,0,1,2,0,1,0,0,0,0,0,0,0,1,0,1,4,3,0,0,0,0,0,0,0,0,0,0,0,0,1,1,1,10,10,8.177,8,1
file_150,0,0,0,0,0,0,0,0,0,0,0,0,0,0,7,0,0,0,2,1,1,0,1,0,0,0,0,0,0,0,1,0,1,8,8,0,0,0,0,0,0,0,0,0,0,0,0,0,0,1,32,32,15.32,7,0
file_151,2,0,1,0,0,0,0,0,0,0,0,0,1,0,2,2,0,0,0,1,1,0,1,0,0,0,0,0,0,0,1,0,1,3,3,0,0,1,0,0,1,0,0,0,0,0,2,0,1,1,9,9,9.429,8,1
file_152,2,0,1,0,0,0,0,0,0,0,0,0,1,0,2,2,0,0,0,1,1,0,1,0,0,0,0,0,0,0,1,0,1,3,3,0,0,1,0,0,1,0,0,0,0,0,2,0,1,1,9,9,9.68,8,1
file_153,0,0,0,0,0,0,0,0,0,0,0,0,0,0,8,8,0,0,2,2,2,1,1,2,0,0,0,0,0,0,1,2,6,10,16,2,2,0,0,0,1,0,0,0,0,0,0,0,0,4,35,59,16.457,25,0
file_154,0,0,0,0,0,0,0,0,2,2,0,0,0,4,22,22,4,0,2,2,2,1,1,3,0,0,0,4,7,0,1,6,3,23,39,0,0,0,0,0,4,0,0,0,0,0,0,0,0,11,770,1540,368.741,73,0
file_155,0,0,0,1,0,0,0,0,0,4,0,0,2,0,27,27,0,0,2,2,2,1,1,2,0,0,0,18,0,0,1,3,6,29,48,2,0,0,0,0,0,0,0,0,0,0,0,0,0,8,183,346,61.983,80,0
file_156,2,0,1,0,0,0,0,0,0,0,0,0,0,0,1,1,0,0,0,1,1,0,2,2,0,0,0,0,0,0,1,0,1,2,3,0,2,0,0,0,1,2,0,0,0,0,2,1,0,1,0,0,6.541,10,1
file_157,2,1,1,0,0,1,0,0,0,2,0,0,0,1,4,4,0,0,2,2,1,1,2,0,0,1,0,2,2,0,3,3,1,5,9,0,2,0,0,0,0,0,0,0,0,0,0,0,0,3,26,42,60.328,17,1
file_158,0,0,0,0,0,0,0,0,0,0,0,0,0,1,2,1,2,0,2,2,1,0,1,0,0,0,0,0,0,0,1,0,1,3,3,0,0,0,0,0,0,0,0,0,0,0,0,0,0,3,21,21,82.967,5,0
file_159,0,0,0,0,0,0,0,0,0,0,0,0,0,0,6,6,0,0,2,2,2,1,1,2,0,0,0,0,0,0,1,2,7,8,13,2,2,0,0,0,0,0,0,0,0,0,0,0,0,6,29,46,14.124,22,0
file_160,2,0,0,0,0,0,0,0,0,0,0,0,0,0,0,0,0,0,2,1,2,0,1,0,0,0,0,0,0,0,1,0,0,0,0,0,0,0,0,0,0,2,0,0,0,0,2,1,0,0,0,0,8.192,2,1
file_161,0,0,0,1,0,0,0,0,0,0,0,0,0,1,15,5,3,0,2,2,1,1,1,2,0,0,0,0,0,0,1,2,6,19,26,2,0,0,0,0,0,0,0,0,0,0,0,0,0,3,33,49,84.574,38,0
file_162,0,0,0,2,0,0,8,0,0,0,0,3,0,0,54,53,39,0,0,1,6,0,2,7,0,0,0,9,2,0,1,9,8,81,80,9,0,0,0,0,4,0,0,0,0,0,0,0,0,11,0,0,83.98,202,0
file_163,0,0,0,0,0,0,0,0,2,0,0,7,2,0,50,50,0,0,2,2,10,1,1,4,0,0,0,4,2,0,8,5,11,52,103,2,0,0,0,0,0,0,0,0,0,0,0,0,0,10,831,1652,122.711,134,0
file_164,2,0,1,0,0,0,0,0,0,0,0,0,2,0,3,3,0,0,0,1,2,0,1,0,0,0,0,0,0,0,1,0,1,4,3,0,0,0,0,0,0,0,0,0,0,0,0,1,1,1,10,10,15.38,8,1
file_165,0,0,0,1,0,0,0,0,3,0,0,0,3,3,23,22,3,0,2,2,2,1,1,2,0,0,0,6,0,0,1,3,6,25,71,2,0,0,0,0,0,0,0,0,0,0,0,0,0,5,112,171,210.687,54,0
file_166,0,0,0,0,0,0,0,0,0,1,0,0,0,0,15,15,0,0,2,2,2,1,1,2,0,0,0,3,0,0,1,3,7,17,22,2,2,0,0,0,0,0,0,0,0,0,0,0,0,5,55,95,28.838,42,0
file_167,2,0,1,0,0,0,0,0,0,0,0,0,2,0,3,3,0,0,0,1,2,0,1,0,0,0,0,0,0,0,1,0,1,4,6,0,0,0,0,0,0,0,0,0,0,0,0,1,1,1,10,10,8.212,9,1
file_168,0,0,0,0,0,0,0,0,0,0,0,0,0,0,60,60,0,0,2,2,3,0,1,0,0,0,0,54,0,0,1,0,1,61,125,0,0,0,0,0,0,2,0,0,0,0,0,0,0,62,215,215,381.449,236,0
file_169,0,0,1,0,0,0,0,0,0,0,0,0,0,2,33,33,0,0,2,2,1,1,1,2,0,0,0,0,0,0,1,3,9,35,70,2,0,0,0,0,0,0,0,0,0,0,0,0,0,8,458,900,246.963,77,0
file_170,2,0,1,0,0,0,0,0,0,0,0,0,2,0,3,3,0,0,0,1,2,0,1,0,0,0,0,0,0,0,1,0,1,4,5,0,0,0,0,0,0,0,0,0,0,0,0,1,1,1,10,10,8.293,9,1
file_171,0,0,0,0,0,0,0,0,1,0,0,0,1,1,29,26,5,0,2,1,1,1,1,2,0,0,0,17,0,0,1,3,4,31,32,2,0,0,0,0,0,0,0,0,0,0,0,0,0,4,83,83,129.818,72,1
file_172,2,0,1,0,0,0,0,0,0,0,0,0,1,0,2,2,0,0,0,1,1,0,1,0,0,0,0,0,0,0,1,0,1,3,3,0,0,1,0,0,1,0,0,0,0,0,2,0,1,1,9,9,9.303,8,1
file_173,0,0,0,1,0,0,0,0,0,0,0,0,0,1,12,4,2,0,2,2,1,1,1,2,0,0,0,0,0,0,1,2,6,15,19,2,0,0,0,0,0,0,0,0,0,0,0,0,0,3,27,35,78.963,31,0
file_174,3,0,0,1,0,0,0,0,0,0,0,0,0,0,2,2,0,0,2,2,1,1,1,0,0,0,0,0,0,0,1,0,1,3,4,0,0,0,0,0,0,2,0,0,0,0,0,1,0,3,16,16,3.756,7,1
file_175,0,0,0,0,0,0,0,0,0,0,0,0,0,0,16,16,0,0,2,2,7,1,1,2,0,0,0,3,0,0,4,3,6,18,33,2,2,0,0,0,1,0,0,0,0,0,0,0,0,5,66,117,42.076,53,0
file_176,0,0,0,0,0,0,1,0,1,2,0,0,1,1,8,8,0,0,3,2,1,2,1,2,0,0,0,0,0,0,3,2,7,10,21,2,0,0,0,0,0,0,0,0,0,0,0,0,0,6,43,70,54.748,26,0
file_177,0,0,0,0,0,0,0,0,0,0,0,0,0,8,27,25,5,0,2,2,3,1,3,5,0,0,0,5,2,0,3,6,30,33,45,5,0,0,0,0,0,2,0,0,0,0,0,0,0,11,153,253,894.633,94,1
file_178,0,0,0,0,0,0,0,0,0,0,0,0,0,1,12,12,0,0,2,2,3,1,1,2,0,0,0,0,0,0,2,3,9,14,25,2,2,0,0,0,1,0,0,0,0,0,0,0,0,8,43,67,69.573,40,0
file_179,2,0,1,0,0,0,0,0,0,0,0,0,1,0,2,2,0,0,0,1,1,0,1,0,0,0,0,0,0,0,1,0,1,3,3,0,0,1,0,0,1,0,0,0,0,0,2,0,1,1,9,9,9.863,8,1
file_180,0,0,0,0,0,0,0,0,1,1,0,0,0,2,5,4,2,0,2,2,1,1,1,2,0,0,0,0,3,0,2,3,7,7,8,2,0,0,0,0,1,0,0,0,0,0,0,0,0,5,29,58,178.439,21,1
file_181,0,0,0,0,0,0,0,0,0,2,0,34,0,68,355,258,193,0,2,2,1,1,6,115,0,0,0,57,2,0,6,118,396,470,531,118,8,0,0,0,7,2,0,0,0,0,0,0,0,211,4271,8509,11510.41,1516,0
file_182,0,0,0,0,0,0,0,0,0,0,0,0,0,1,2,1,2,0,2,2,1,0,1,0,0,0,0,0,0,0,1,0,1,3,3,0,0,0,0,0,0,0,0,0,0,0,0,0,0,3,21,21,88.339,5,0
file_183,2,0,1,0,0,0,0,0,0,0,0,0,1,0,1,0,0,0,0,1,2,0,1,0,0,0,0,0,0,0,1,0,1,2,0,0,0,0,0,0,0,0,0,0,0,0,0,0,0,1,9,9,12.346,2,1
file_184,2,0,1,0,0,0,0,0,0,0,0,0,2,0,3,3,0,0,0,1,2,0,1,0,0,0,0,0,0,0,1,0,1,4,5,0,0,1,0,0,0,0,0,0,0,0,0,0,1,1,11,11,8.362,9,1
file_185,0,0,0,0,0,0,0,0,0,0,0,0,0,0,23,23,0,0,2,2,2,1,1,2,0,0,0,0,0,0,1,3,7,25,53,2,2,0,0,0,1,0,0,0,0,0,0,0,0,7,88,165,73.519,60,0
file_186,2,0,1,1,0,0,0,1,0,1,0,0,1,0,4,4,0,0,0,1,1,0,1,2,0,0,0,0,0,0,1,2,1,5,4,2,0,0,0,0,1,2,0,0,0,0,0,1,0,1,15,15,18.657,12,0
file_187,2,0,1,0,0,0,0,0,0,0,0,0,2,0,3,3,0,0,0,1,2,0,1,0,0,0,0,0,0,0,1,0,1,4,3,0,0,0,0,0,0,0,0,0,0,0,0,1,1,1,10,10,15.684,8,1
file_188,0,0,0,0,0,0,0,0,1,1,0,0,1,0,6,6,0,0,2,2,1,1,1,3,0,0,0,0,2,0,2,3,7,8,11,2,0,0,0,0,0,0,0,0,0,0,0,0,0,5,65,115,15.883,22,0
file_189,0,0,1,0,0,0,0,0,0,0,0,0,0,0,11,11,0,0,2,2,1,0,1,2,0,0,0,5,0,0,1,3,1,12,17,0,2,0,0,0,0,0,0,0,0,0,0,0,0,3,0,0,35.99,30,0
file_190,2,0,1,0,0,0,0,0,0,0,0,0,1,0,2,2,0,0,0,1,1,0,1,0,0,0,0,0,0,0,1,0,1,3,3,0,0,1,0,0,1,0,0,0,0,0,2,0,1,1,9,9,9.788,8,1
file_191,2,0,1,0,0,0,0,0,0,0,0,0,2,0,3,3,0,0,0,1,2,0,1,0,0,0,0,0,0,0,1,0,1,4,6,0,0,0,0,0,0,0,0,0,0,0,0,1,1,1,10,10,8.475,9,1
file_192,0,0,0,0,0,0,0,0,0,1,0,2,0,0,17,17,0,0,2,2,3,1,1,3,0,0,0,3,2,0,1,3,8,19,28,2,0,0,0,0,0,0,0,0,0,0,0,0,0,6,314,614,40.86,48,0
file_193,2,0,1,0,0,0,0,0,0,0,0,0,2,0,3,3,0,0,0,1,2,0,1,0,0,0,0,0,0,0,1,0,1,4,3,0,0,0,0,0,0,0,0,0,0,0,0,1,1,1,10,10,15.966,8,1
file_194,3,0,0,0,0,0,0,0,0,0,0,0,0,0,2,2,0,0,0,2,1,0,1,2,0,0,0,0,0,0,1,0,1,3,4,0,0,1,0,0,0,2,0,0,0,0,2,0,0,1,0,0,1.992,8,1
file_195,0,0,1,0,0,1,0,0,0,1,0,0,0,0,0,0,0,0,0,1,1,0,1,0,0,1,0,0,0,0,2,0,1,0,0,0,0,0,0,0,0,0,0,0,0,0,0,0,0,1,6,0,296.374,0,0
file_196,0,0,0,0,0,0,0,0,2,0,0,0,2,1,29,29,5,0,2,2,2,1,2,4,0,0,0,12,0,0,6,3,6,31,80,3,0,0,0,0,0,0,0,0,0,0,0,0,0,15,130,192,159.068,98,0
file_197,2,0,1,0,0,0,0,0,0,0,0,0,1,0,2,0,0,0,0,1,2,0,1,0,0,0,0,0,0,0,1,0,1,3,0,0,0,0,0,0,0,0,0,0,0,0,0,0,0,1,9,9,13.191,3,1
file_198,3,0,0,1,0,0,0,0,0,0,0,0,0,0,0,0,0,0,2,2,1,1,1,2,0,0,0,0,0,0,1,0,1,3,4,0,0,0,0,0,0,2,0,0,0,0,0,0,0,3,16,16,14.718,7,1
file_199,2,0,1,0,0,0,0,0,0,0,0,0,2,0,3,3,0,0,0,1,2,0,1,0,0,0,0,0,0,0,1,0,1,4,5,0,0,1,0,0,0,0,0,0,0,0,0,0,1,1,11,11,8.168,9,1
file_200,5,0,1,1,0,0,0,0,0,0,0,0,0,0,1,1,0,0,2,2,1,1,1,3,0,0,0,0,0,0,1,0,1,3,5,0,0,1,1,0,0,0,0,0,0,0,0,0,0,1,15,15,4.005,9,1
file_201,0,0,0,0,0,0,0,0,5,0,0,0,0,7,42,39,12,0,2,2,1,1,1,0,0,0,0,7,0,0,1,8,6,43,62,2,0,0,0,0,0,0,0,0,0,0,0,0,0,8,97,97,436.408,82,0
file_202,3,0,0,0,0,0,0,0,0,0,0,0,0,0,2,2,0,0,0,1,2,0,1,2,0,0,0,0,0,0,1,0,1,3,5,0,0,1,0,0,0,2,0,0,0,0,2,1,0,3,0,0,2.153,12,1
file_203,0,0,0,0,0,0,0,0,0,0,0,0,0,1,2,1,2,0,2,2,1,0,1,0,0,0,0,0,0,0,1,0,1,3,3,0,0,0,0,0,0,0,0,0,0,0,0,0,0,3,21,21,73.643,5,0
file_204,0,0,0,0,0,0,0,0,0,0,0,0,0,1,2,1,2,0,2,2,1,0,2,0,0,0,0,0,0,0,1,0,1,3,3,0,0,0,0,0,0,0,0,0,0,0,0,0,0,3,21,21,88.854,7,0
file_205,0,0,1,0,0,0,0,0,0,0,0,0,0,1,7,7,0,0,2,2,2,1,1,2,0,0,0,0,0,0,2,3,9,9,16,2,0,0,0,0,0,0,0,0,0,0,0,0,0,5,80,138,64.415,24,0
file_206,0,0,0,1,0,0,0,0,0,0,0,0,0,1,20,5,2,0,2,2,1,1,1,2,0,0,0,0,0,0,1,2,6,23,27,2,0,0,0,0,0,0,0,0,0,0,0,0,0,4,35,43,79.939,46,0
file_207,0,0,0,0,0,0,0,0,0,0,0,0,0,0,3,3,2,0,2,2,1,1,1,0,0,0,0,0,0,0,1,0,1,4,6,0,0,0,0,0,0,0,0,0,0,0,0,0,0,1,12,15,24.284,5,0
file_208,0,0,0,2,0,0,0,0,0,0,0,23,0,0,133,131,200,0,0,1,7,0,1,6,0,0,0,7,2,0,2,2,19,268,283,2,0,0,0,0,0,0,0,0,0,0,0,0,0,22,0,0,180.881,568,0
file_209,0,0,0,0,0,0,0,0,0,0,0,0,0,2,27,27,17,0,2,2,1,1,2,0,0,0,0,9,6,0,1,5,1,28,27,0,0,0,0,0,1,0,0,0,0,0,0,0,0,7,295,590,142.073,69,0
file_210,3,0,0,0,0,0,0,0,0,0,0,0,0,0,2,2,0,0,0,1,2,0,1,2,0,0,0,0,0,0,1,0,1,3,5,0,0,1,0,0,0,2,0,0,0,0,2,1,0,3,0,0,2.057,12,1
file_211,2,0,1,0,0,0,0,0,0,0,0,0,1,0,2,0,0,0,0,1,1,0,1,0,0,0,0,0,0,0,1,0,1,3,3,0,0,0,0,0,0,0,0,0,0,0,0,0,0,1,9,9,12.076,4,1
file_212,0,0,0,0,0,0,0,0,0,0,0,0,0,0,7,0,0,0,2,1,1,0,1,0,0,0,0,0,0,0,1,0,1,8,9,0,0,0,0,0,0,0,0,0,0,0,0,0,0,1,30,30,17.771,7,0
file_213,0,0,0,0,0,0,0,0,0,0,0,0,0,0,16,0,0,0,2,1,1,0,1,0,0,0,0,0,0,0,1,0,1,17,16,0,0,0,0,0,0,0,0,0,0,0,0,0,0,1,63,63,45.989,16,0
file_214,0,0,0,0,0,0,0,0,0,0,0,0,0,1,8,8,0,0,2,2,2,1,1,2,0,0,0,0,0,0,1,3,9,10,16,2,2,0,0,0,0,0,0,0,0,0,0,0,0,5,31,46,48.965,26,0
file_215,2,0,1,0,0,0,0,0,0,0,0,0,0,0,1,1,0,0,0,1,1,0,1,2,0,0,0,0,0,0,1,0,1,2,3,0,0,0,0,0,0,2,0,0,0,0,2,1,0,1,0,0,2.989,6,1
file_216,2,0,1,1,0,0,0,1,0,0,0,0,0,2,1,0,0,0,0,1,2,0,1,2,0,0,0,0,0,0,2,3,5,5,8,2,0,1,0,0,1,0,0,0,2,0,2,1,0,4,15,15,151.083,22,1
file_217,0,0,0,0,0,0,0,0,0,0,0,0,0,0,3,2,2,0,2,2,1,1,1,0,0,0,0,0,0,0,1,0,1,4,4,0,0,0,0,0,0,0,0,0,0,0,0,0,0,1,12,15,15.032,4,0
file_218,2,0,1,0,0,0,0,0,0,0,0,0,1,0,2,2,0,0,0,1,2,0,1,0,0,0,0,0,0,0,1,0,1,3,3,0,0,1,0,0,0,2,0,0,0,0,2,0,1,1,9,9,9.263,9,1
file_219,2,0,1,0,0,0,0,0,0,0,0,0,2,0,3,3,0,0,0,1,2,0,1,0,0,0,0,0,0,0,1,0,1,4,3,0,0,0,0,0,0,0,0,0,0,0,0,1,1,1,10,10,16.98,8,1
file_220,0,0,0,0,0,0,0,0,0,0,0,0,0,0,12,12,0,0,2,2,2,1,1,2,0,0,0,0,0,0,1,2,7,14,28,2,2,0,0,0,3,0,0,0,0,0,0,0,0,7,49,87,25.648,38,0
file_221,5,0,1,1,0,0,0,0,0,0,0,0,0,0,2,2,0,0,0,1,1,0,1,4,0,0,0,0,0,0,1,0,1,3,4,0,0,0,0,0,1,2,0,0,2,0,2,1,0,4,15,15,4.088,10,1
file_222,3,0,0,1,0,0,0,0,0,0,0,0,0,0,0,0,0,0,2,2,1,1,1,2,0,0,0,0,0,0,1,0,1,3,4,0,0,0,0,0,1,2,0,0,0,0,0,0,0,3,16,16,14.889,8,1
file_223,3,0,0,0,0,0,0,0,0,0,0,0,0,0,2,2,0,0,2,2,1,0,1,0,0,0,0,0,0,0,1,0,1,4,5,0,0,1,0,0,0,2,0,0,0,0,2,0,0,1,9,9,3.656,10,1
file_224,2,0,1,0,0,0,0,0,0,0,0,0,1,0,2,2,0,0,0,1,1,0,1,0,0,0,0,0,0,0,1,0,1,3,3,0,0,1,0,0,1,0,0,0,0,0,2,0,1,1,9,9,9.516,8,1
file_225,2,0,1,1,0,0,0,0,3,0,0,0,3,1,10,7,4,0,2,1,1,1,1,7,0,0,0,4,0,0,1,9,17,15,19,6,0,0,0,0,0,2,0,0,0,0,0,1,0,8,41,41,93.869,54,1
file_226,3,0,0,1,0,0,0,0,0,135,0,0,129,0,34,33,131,0,2,2,2,1,1,3,0,0,0,17,0,0,1,3,7,161,296,2,0,0,0,0,0,0,0,0,0,0,0,0,0,7,826,1384,182.186,230,0
file_227,2,0,1,0,0,0,0,0,0,0,0,0,1,0,2,2,0,0,0,1,1,0,1,0,0,0,0,0,0,0,1,0,1,3,3,0,0,1,0,0,1,0,0,0,0,0,2,0,1,1,9,9,9.293,8,1
file_228,0,0,0,1,0,0,0,0,0,4,0,2,0,0,38,38,13,0,2,1,1,1,1,2,0,0,0,9,2,0,1,2,5,39,50,2,0,0,0,0,0,0,0,0,0,0,0,0,0,3,312,575,72.407,85,0
file_229,2,0,1,0,0,0,0,0,0,0,0,0,1,0,2,2,0,0,0,1,1,0,1,0,0,0,0,0,0,0,1,0,1,3,3,0,0,1,0,0,1,0,0,0,0,0,2,0,1,1,9,9,9.783,8,1
file_230,0,0,0,0,0,0,0,0,2,2,0,0,0,6,10,10,4,0,2,2,3,1,2,3,0,0,0,2,6,0,2,6,3,11,19,0,0,0,0,0,3,0,0,0,0,0,0,0,0,8,97,97,543.629,46,1
file_231,2,0,1,1,0,0,0,1,0,0,0,0,0,0,4,4,1,0,0,1,2,0,1,0,0,0,0,0,0,0,1,3,4,6,9,2,0,0,0,0,1,0,0,0,0,0,0,0,0,3,19,19,45.614,15,1
file_232,2,0,1,1,0,0,0,1,0,1,0,0,1,0,4,4,0,0,0,1,1,0,1,2,0,0,0,0,0,0,1,2,1,5,4,2,0,0,0,0,1,2,0,0,0,0,0,1,0,1,15,15,13.166,12,0
file_233,0,0,0,0,0,0,0,0,0,0,0,0,0,0,4,0,0,0,2,2,2,1,1,0,0,0,0,0,0,0,1,0,1,5,7,0,0,0,0,0,0,0,0,0,0,0,0,0,0,1,25,25,33.389,4,0
file_234,5,0,0,1,0,0,0,0,0,0,0,0,0,0,2,2,1,0,0,1,1,0,1,0,0,0,0,0,0,0,1,0,0,0,2,0,0,0,0,0,0,0,0,0,0,0,0,0,0,0,0,0,34.472,0,1
file_235,0,0,0,0,0,0,0,0,0,0,0,0,0,1,2,1,2,0,2,2,1,0,1,0,0,0,0,0,0,0,1,0,1,3,3,0,0,0,0,0,0,0,0,0,0,0,0,0,0,3,21,21,74.944,5,0
file_236,0,0,1,0,0,0,0,0,0,0,0,0,0,0,23,23,0,0,2,2,2,1,1,0,0,0,0,0,0,0,2,0,1,24,46,0,0,0,0,0,1,0,0,0,0,0,0,0,0,5,84,155,51.159,52,0
file_237,0,0,0,0,0,0,0,0,0,0,0,0,0,0,93,93,0,0,2,2,1,1,1,8,0,0,0,11,0,0,1,9,25,101,113,8,0,0,0,0,0,0,0,0,0,0,0,0,0,9,258,258,229.434,232,0
file_238,0,0,0,1,0,0,0,0,0,0,0,0,0,1,14,6,2,0,2,2,1,1,1,2,0,0,0,0,0,0,1,2,6,17,22,2,0,0,0,0,0,0,0,0,0,0,0,0,0,4,29,37,90.748,34,0
file_239,0,0,0,1,0,0,0,1,0,1,0,0,1,0,0,0,0,0,0,1,1,0,1,2,0,0,0,0,0,0,1,2,0,2,3,2,0,0,0,0,1,0,0,0,0,0,0,0,0,2,24,22,14.899,7,1
file_240,3,0,0,1,0,0,0,0,0,0,0,0,0,0,0,0,0,0,2,2,1,1,1,2,0,0,0,0,0,0,1,0,1,3,4,0,0,0,0,0,0,2,0,0,0,0,0,0,0,3,16,16,14.876,7,1
file_241,2,0,1,0,0,0,0,0,0,0,0,0,2,0,3,3,0,0,0,1,2,0,1,0,0,0,0,0,0,0,1,0,1,4,5,0,0,1,0,0,0,0,0,0,0,0,0,0,1,1,11,11,8.31,9,1
file_242,0,0,0,1,0,0,0,1,0,1,0,0,1,0,0,0,0,0,0,1,1,0,1,2,0,0,0,0,0,0,1,2,0,2,3,2,0,0,0,0,1,0,0,0,0,0,0,0,0,2,24,22,18.717,7,1
file_243,0,0,0,0,0,0,0,0,0,0,0,0,0,0,28,27,2,0,2,2,1,1,1,8,0,0,0,7,0,0,1,9,25,36,53,8,0,0,0,0,0,0,0,0,0,0,0,0,0,9,125,125,483.086,98,0
file_244,0,0,0,1,0,0,8,1,0,1,0,0,1,0,9,9,1,0,2,2,2,0,1,2,0,0,0,0,0,0,1,8,1,10,9,8,0,1,0,0,3,2,0,0,0,0,0,0,0,5,20,20,12.853,38,1
file_245,0,0,0,0,0,0,0,0,19,0,0,0,19,0,5,4,3,0,3,2,2,0,3,4,0,0,0,3,0,0,1,4,26,9,34,2,0,0,0,0,0,0,0,0,0,0,0,0,0,7,57,107,70.915,34,1
file_246,0,0,0,0,0,0,0,0,0,0,0,0,0,0,5,5,0,0,2,2,2,1,1,3,0,0,0,0,2,0,1,2,7,7,8,2,0,0,0,0,0,0,0,0,0,0,0,0,0,6,48,84,10.69,20,0
file_247,5,0,0,0,0,0,0,0,0,0,0,0,0,0,2,2,0,0,0,1,1,0,1,4,0,0,0,0,0,0,1,0,1,3,5,0,0,1,0,0,0,0,0,0,0,0,2,0,0,3,0,0,1.448,11,1
file_248,0,0,0,0,0,0,0,0,0,0,0,0,0,4,143,80,116,0,2,2,2,1,3,2,0,0,0,10,4,0,3,6,6,145,132,2,0,0,0,0,1,0,0,0,0,0,0,0,0,29,4208,8416,1036.691,303,0
file_249,0,0,0,0,0,0,0,0,0,0,0,0,0,0,17,17,16,0,2,2,1,1,1,0,0,0,0,0,0,0,1,0,1,18,34,0,0,0,0,0,0,0,0,0,0,0,0,0,0,1,47,85,306.814,33,0
file_250,0,0,0,0,0,0,0,0,1,0,0,0,1,0,19,19,0,0,2,2,2,1,1,4,0,0,0,13,0,0,1,4,7,21,35,2,2,0,0,0,0,2,0,0,0,0,0,0,0,5,245,462,49.756,63,0
file_251,2,0,1,0,0,0,0,0,0,0,0,0,1,0,2,2,0,0,0,1,1,0,1,0,0,0,0,0,0,0,1,0,1,3,3,0,0,1,0,0,1,0,0,0,0,0,2,0,1,1,9,9,9.799,8,1
file_252,0,0,0,0,0,0,0,0,0,0,0,0,0,3,544,543,518,0,2,2,1,1,1,0,0,0,0,5,4,0,1,4,1,546,314,0,9,0,0,0,0,0,0,0,0,0,0,0,0,53,1886,1886,1559.343,827,0
file_253,0,0,0,0,0,0,1,0,0,1,0,0,0,0,5,5,0,0,3,2,1,2,1,2,0,0,0,2,0,0,1,2,6,7,12,2,0,0,0,0,0,0,0,0,0,0,0,0,0,5,34,59,23.465,18,0
file_254,2,0,1,0,0,0,0,0,0,0,0,0,2,0,3,3,0,0,0,1,2,0,1,0,0,0,0,0,0,0,1,0,1,4,4,0,0,0,0,0,0,0,0,0,0,0,0,0,1,1,10,10,16.138,8,1
file_255,0,0,0,0,0,0,0,0,22,0,0,0,22,0,4,4,2,0,2,2,3,0,1,3,0,0,0,3,0,0,1,3,23,7,28,0,0,0,0,0,2,0,0,0,0,0,0,0,0,4,56,56,36.428,24,1
file_256,26,4,0,0,0,0,0,0,0,0,0,1,0,0,24,23,12,0,6,6,6,5,2,7,0,0,0,0,2,0,1,7,36,30,41,6,0,0,0,0,0,3,0,0,0,0,0,2,0,10,206,1776,69.865,85,1
file_257,0,0,0,1,0,0,0,0,0,0,0,0,0,1,20,4,2,0,2,2,1,1,1,2,0,0,0,0,0,0,1,2,6,23,28,2,0,0,0,0,0,0,0,0,0,0,0,0,0,4,35,43,92.362,47,0
file_258,0,0,0,0,0,0,0,0,0,0,0,0,0,0,48,48,0,0,2,2,2,1,1,5,0,0,0,0,0,0,1,3,11,51,48,2,3,0,0,0,0,0,0,0,0,0,0,0,0,7,0,0,79.298,93,0
file_259,2,0,1,0,0,0,0,0,0,0,0,0,2,0,3,3,0,0,0,1,2,0,1,0,0,0,0,0,0,0,1,0,1,4,5,0,0,1,0,0,0,0,0,0,0,0,0,0,1,1,11,11,8.258,9,1
file_260,0,0,0,0,0,0,0,0,0,0,0,0,0,2,29,29,0,0,2,2,2,1,1,2,0,0,0,0,0,0,1,3,9,31,41,2,2,0,0,0,0,0,0,0,0,0,0,0,0,4,98,180,109.938,67,0
file_261,0,0,0,0,0,0,0,0,5,0,0,0,0,12,91,91,35,0,2,2,1,1,1,12,0,0,0,16,0,0,1,17,39,103,123,12,0,0,0,0,0,0,0,0,0,0,0,0,0,16,185,185,1288.347,241,0
file_262,7,0,0,0,0,0,0,0,0,0,0,0,0,0,6,6,0,0,2,2,1,0,1,0,0,0,0,0,0,0,1,0,1,6,5,0,0,2,0,0,0,2,0,0,0,0,0,0,0,1,9,9,4.324,13,1
file_263,0,0,0,0,0,0,0,0,0,0,0,0,0,1,2,1,2,0,2,2,1,0,2,0,0,0,0,0,0,0,1,0,1,3,3,0,0,0,0,0,0,0,0,0,0,0,0,0,0,3,21,21,88.681,7,0
file_264,0,0,0,0,0,0,0,0,1,1,0,6,1,0,19,19,0,0,2,2,2,1,1,3,0,0,0,10,2,0,1,4,8,21,29,2,0,0,0,0,0,3,0,0,0,0,0,0,0,5,660,1302,51.077,59,0
file_265,2,0,1,0,0,0,0,0,0,0,0,0,2,0,3,3,0,0,0,1,2,0,1,0,0,0,0,0,0,0,1,0,1,4,3,0,0,0,0,0,0,0,0,0,0,0,0,1,1,1,10,10,8.469,8,1
file_266,2,0,1,0,0,0,0,0,0,0,0,0,1,0,2,2,0,0,0,1,1,0,1,0,0,0,0,0,0,0,1,0,1,3,3,0,0,1,0,0,1,0,0,0,0,0,2,0,1,1,9,9,9.825,8,1
file_267,2,1,0,0,0,0,0,0,0,0,0,0,0,0,1,1,0,0,0,1,1,0,1,0,0,0,0,0,0,0,1,0,1,2,3,0,0,0,0,0,0,0,0,0,0,0,0,1,0,1,0,0,13.293,3,1
file_268,0,0,1,0,0,0,0,0,0,0,0,0,0,0,0,0,0,0,0,1,1,0,1,0,0,0,0,0,0,0,1,0,1,2,2,0,0,0,0,0,0,0,0,0,0,0,0,0,0,1,0,0,232.175,2,1
file_269,2,0,1,0,0,0,0,0,0,0,0,0,1,0,2,0,0,0,0,1,2,0,1,0,0,0,0,0,0,0,1,0,1,3,0,0,0,0,0,0,0,0,0,0,0,0,0,0,0,1,9,9,12.841,3,1
file_270,2,0,1,0,0,0,0,0,0,0,0,0,2,0,3,3,0,0,0,1,2,0,1,0,0,0,0,0,0,0,1,0,1,4,5,0,0,1,0,0,0,0,0,0,0,0,0,0,1,1,11,11,8.045,9,1
file_271,0,0,0,0,0,0,0,0,0,0,0,0,0,0,23,23,0,0,2,2,2,1,1,4,0,0,0,4,0,0,1,3,11,26,43,2,3,0,0,0,0,0,0,0,0,0,0,0,0,8,0,0,49.919,59,0
file_272,0,0,0,2,0,0,8,0,0,0,0,3,0,0,53,52,18,0,0,1,6,0,2,7,0,0,0,15,3,0,1,9,7,66,66,9,0,0,0,0,4,0,0,0,0,0,0,0,0,14,0,0,87.561,182,0
file_273,0,0,1,0,0,0,0,0,9,5,0,0,139,1,43,43,26,0,3,2,2,2,1,19,0,0,0,4,0,0,19,25,10,58,207,0,0,0,0,0,0,2,0,0,0,0,0,0,0,27,378,378,296.518,176,1
file_274,0,0,0,0,0,0,0,0,0,0,0,0,0,0,5,5,0,0,2,2,2,1,1,3,0,0,0,0,2,0,1,3,7,7,10,2,0,0,0,0,0,0,0,0,0,0,0,0,0,5,49,87,11.494,20,0
file_275,5,0,0,1,0,0,0,0,0,0,0,0,0,0,2,2,0,0,2,2,1,1,1,0,0,0,0,0,0,0,1,0,1,4,6,0,0,0,0,0,0,2,0,0,0,0,0,1,0,1,18,18,8.051,8,1
file_276,0,0,0,1,0,0,0,1,0,0,0,0,0,0,1,0,0,0,0,1,1,0,1,2,0,0,0,0,0,0,1,2,1,3,3,2,2,0,0,0,1,0,0,2,0,0,0,0,0,3,7,7,11.359,10,1
file_277,2,0,1,0,0,0,0,0,0,0,0,0,2,0,3,3,0,0,0,1,2,0,1,0,0,0,0,0,0,0,1,0,1,4,3,0,0,0,0,0,0,0,0,0,0,0,0,1,1,1,10,10,8.181,8,1
file_278,2,0,1,0,0,0,0,0,0,0,0,0,2,0,3,3,0,0,0,1,2,0,1,0,0,0,0,0,0,0,1,0,1,4,6,0,0,0,0,0,0,0,0,0,0,0,0,1,1,1,10,10,8.3,9,1
file_279,5,0,0,1,0,0,0,0,0,0,0,0,0,0,2,2,0,0,2,2,1,1,1,0,0,0,0,0,0,0,1,0,1,4,6,0,0,0,0,0,0,2,0,0,0,0,0,1,0,1,18,18,8.078,8,1
file_280,0,0,0,1,0,0,0,0,0,0,0,0,0,1,14,4,2,0,2,2,1,1,1,2,0,0,0,0,0,0,1,2,6,17,24,2,0,0,0,0,0,0,0,0,0,0,0,0,0,3,29,37,93.037,34,0
file_281,0,0,0,0,0,0,0,0,0,0,0,0,0,0,9,9,0,0,2,2,1,1,1,5,0,0,0,2,0,0,1,3,7,11,19,2,2,0,0,0,3,0,0,0,0,0,0,0,0,6,35,61,19.925,35,0
file_282,0,0,0,1,0,0,0,0,0,1,0,0,1,0,28,28,0,0,3,2,13,3,1,3,0,0,0,5,0,0,25,2,7,31,130,2,0,0,0,0,0,0,0,0,0,0,0,0,0,24,1748,1748,135.248,126,0
file_283,0,0,0,2,0,0,0,0,0,0,0,25,0,0,74,72,19,0,0,1,6,0,1,5,0,0,0,13,2,0,1,2,21,92,106,2,0,0,0,0,0,0,0,0,0,0,0,0,0,14,0,0,151.424,209,0
file_284,0,0,0,0,0,0,0,0,0,0,0,0,0,0,51,51,0,0,2,2,8,1,1,2,0,0,0,0,0,0,8,2,7,53,107,2,2,0,0,0,0,0,0,0,0,0,12,0,0,27,173,335,88.353,158,0
file_285,0,0,0,1,0,0,6,1,0,1,0,0,1,1,9,9,0,0,0,1,1,0,1,3,0,0,0,3,0,0,1,5,2,11,14,5,0,0,0,0,2,0,0,0,0,0,0,0,0,4,53,0,9.468,33,1
file_286,3,0,0,0,0,0,0,0,0,0,0,0,0,0,2,2,0,0,0,2,1,0,1,2,0,0,0,0,0,0,1,0,1,3,4,0,0,1,0,0,0,2,0,0,0,0,2,0,0,1,0,0,1.97,8,1
file_287,2,0,1,0,0,0,0,0,0,0,0,0,2,0,3,3,0,0,0,1,2,0,1,0,0,0,0,0,0,0,1,0,1,4,6,0,0,0,0,0,0,0,0,0,0,0,0,1,1,1,10,10,7.739,9,1
file_288,2,0,1,0,0,0,0,0,0,0,0,0,2,0,3,3,0,0,0,1,2,0,1,0,0,0,0,0,0,0,1,0,1,4,2,0,0,0,0,0,0,0,0,0,0,0,0,1,1,1,10,10,17.529,7,1
file_289,0,0,0,0,0,0,0,0,0,0,0,0,0,1,2,1,2,0,2,2,1,0,1,0,0,0,0,0,0,0,1,0,1,3,3,0,0,0,0,0,0,0,0,0,0,0,0,0,0,3,21,21,83.062,5,0
file_290,0,0,0,1,0,0,0,0,0,0,0,0,0,1,6,4,2,0,2,2,1,1,1,2,0,0,0,0,0,0,1,2,6,9,12,2,0,0,0,0,0,0,0,0,0,0,0,0,0,3,21,29,66.879,18,0
file_291,3,0,1,0,0,0,0,0,0,0,0,0,0,0,1,1,1,0,2,2,2,0,1,0,0,0,0,0,0,0,1,0,1,2,3,0,0,0,0,0,0,2,0,0,0,0,0,0,0,1,10,10,9.493,3,1
file_292,2,0,1,0,0,0,0,0,0,0,0,0,2,0,3,3,0,0,0,1,2,0,1,0,0,0,0,0,0,0,1,0,1,4,3,0,0,0,0,0,0,0,0,0,0,0,0,1,1,1,10,10,8.084,8,1
file_293,2,0,1,0,0,0,0,0,0,0,0,0,1,0,2,2,0,0,0,1,1,0,1,0,0,0,0,0,0,0,1,0,1,3,3,0,0,1,0,0,1,0,0,0,0,0,2,0,1,1,9,9,9.501,8,1
file_294,0,0,0,0,0,0,0,0,0,0,0,0,0,0,38,38,0,0,2,2,2,1,1,2,0,0,0,3,0,0,1,2,7,40,25,2,2,0,0,0,0,2,0,0,0,0,0,0,0,3,70,97,40.962,63,0
file_295,0,0,0,0,0,0,0,0,0,0,0,0,0,2,8,8,0,0,2,2,1,1,3,0,0,0,0,5,4,0,1,3,1,9,14,0,0,0,0,0,0,0,0,0,0,0,0,0,0,4,821,1642,122.886,30,0
file_296,2,0,1,0,0,0,0,0,0,0,0,0,2,0,3,3,0,0,0,1,2,0,1,0,0,0,0,0,0,0,1,0,1,4,3,0,0,0,0,0,0,0,0,0,0,0,0,1,1,1,10,10,16.767,8,1
file_297,2,0,1,0,0,0,0,0,0,0,0,0,2,0,3,3,0,0,0,1,2,0,1,0,0,0,0,0,0,0,1,0,1,4,3,0,0,0,0,0,0,0,0,0,0,0,0,1,1,1,10,10,8.155,8,1
file_298,0,0,0,0,0,0,0,0,0,0,0,0,0,0,30,30,0,0,2,2,1,1,1,9,0,0,0,9,0,0,1,10,28,39,49,9,0,0,0,0,0,0,0,0,0,0,0,0,0,12,122,122,126.219,112,0
file_299,0,0,0,0,0,0,0,0,0,3,0,0,0,0,4,4,0,0,2,2,2,1,1,0,0,0,0,0,0,0,1,0,1,5,9,0,0,0,0,0,0,0,0,0,0,0,0,0,0,4,23,23,32.959,10,0
file_300,2,0,1,0,0,0,0,0,0,0,0,0,1,0,2,2,0,0,0,1,1,0,1,0,0,0,0,0,0,0,1,0,1,3,3,0,0,1,0,0,1,0,0,0,0,0,2,0,1,1,9,9,9.299,8,1
file_301,2,0,1,0,0,0,0,0,0,0,0,0,0,0,5,5,0,0,0,1,1,0,1,2,0,0,0,0,0,0,1,0,1,2,2,0,0,0,0,0,0,0,0,0,0,0,0,0,0,1,5,9,7.499,2,1
file_302,11,0,0,0,0,0,0,0,0,0,0,0,0,0,10,10,0,0,2,2,1,0,1,0,0,0,0,0,0,0,1,0,1,10,13,0,0,1,0,0,0,2,0,0,0,0,0,0,0,1,9,9,7.564,21,1
file_303,0,0,0,0,0,0,0,0,0,0,0,5,0,0,54,54,0,0,2,2,6,1,1,7,0,0,0,3,5,0,6,6,8,56,99,2,0,0,0,0,1,8,0,0,0,0,0,0,0,14,685,1360,144.043,156,0
file_304,2,0,1,0,0,0,1,0,0,2,0,0,0,0,2,2,0,0,0,1,1,0,1,0,0,0,0,0,0,0,1,0,1,3,2,2,0,0,0,0,0,0,0,0,0,0,0,0,0,1,14,14,6.044,3,1
file_305,2,0,1,0,0,0,0,0,0,0,0,0,2,0,3,3,0,0,0,1,2,0,1,0,0,0,0,0,0,0,1,0,1,4,3,0,0,0,0,0,0,0,0,0,0,0,0,1,1,1,10,10,17.031,8,1
file_306,3,0,0,0,0,0,0,0,0,0,0,0,0,0,2,2,0,0,0,1,2,0,1,2,0,0,0,0,0,0,1,0,1,3,5,0,0,1,0,0,0,2,0,0,0,0,2,1,0,1,0,0,2.008,11,1
file_307,0,0,0,0,0,0,0,0,0,0,0,0,0,0,8,7,2,0,2,2,2,1,1,3,0,0,0,3,2,0,1,4,9,10,15,2,0,0,0,0,0,0,0,0,0,0,0,0,0,5,116,209,29.304,29,0
file_308,2,0,1,0,0,0,0,0,0,0,0,0,2,0,3,3,0,0,0,1,2,0,1,0,0,0,0,0,0,0,1,0,1,4,3,0,0,0,0,0,0,0,0,0,0,0,0,1,1,1,10,10,16.997,8,1
file_309,2,0,1,0,0,0,0,0,0,0,0,0,1,0,2,2,0,0,0,1,1,0,1,0,0,0,0,0,0,0,1,0,1,3,3,0,0,1,0,0,1,0,0,0,0,0,2,0,1,1,9,9,9.579,8,1
file_310,3,0,1,0,0,0,0,0,0,0,0,0,0,0,6,6,0,0,2,2,2,1,1,0,0,0,0,3,0,0,1,0,1,9,9,0,0,1,0,0,0,0,0,0,0,0,0,0,0,3,25,25,27.57,18,1
file_311,2,1,0,1,0,0,0,1,0,2,0,0,0,1,5,5,0,0,0,1,2,0,1,3,0,0,0,0,0,0,1,3,1,6,8,2,0,1,0,0,1,0,0,0,0,0,0,0,0,4,15,15,46.539,21,1
file_312,0,0,1,0,0,1,0,0,0,1,0,0,0,0,0,0,0,0,0,1,1,0,1,0,0,1,0,0,0,0,2,0,1,0,0,0,0,0,0,0,0,0,0,0,0,0,0,0,0,1,6,0,296.364,0,1
file_313,0,0,0,1,0,0,0,0,0,0,0,0,0,1,30,5,2,0,2,2,1,1,1,2,0,0,0,0,0,0,1,2,6,33,43,2,0,0,0,0,0,0,0,0,0,0,0,0,0,4,45,53,108.905,67,0
file_314,2,0,0,0,0,0,0,0,0,0,0,0,0,0,0,0,0,0,2,1,2,0,1,0,0,0,0,0,0,0,1,0,1,0,0,0,0,0,0,0,0,0,0,0,0,0,2,1,0,1,0,0,0.885,1,1
file_315,2,0,1,1,0,0,0,1,0,1,0,0,1,0,4,4,0,0,0,1,1,0,1,2,0,0,0,0,0,0,1,2,1,5,4,2,0,0,0,0,1,2,0,0,0,0,0,1,0,1,15,15,10.321,12,1
file_316,2,0,1,0,0,0,0,0,0,0,0,0,2,0,3,3,0,0,0,1,2,0,1,0,0,0,0,0,0,0,1,0,1,4,3,0,0,0,0,0,0,0,0,0,0,0,0,1,1,1,10,10,16.841,8,1
file_317,0,0,0,1,0,0,0,0,0,0,0,0,0,1,12,4,2,0,2,2,1,1,1,2,0,0,0,0,0,0,1,2,6,15,20,2,0,0,0,0,0,0,0,0,0,0,0,0,0,3,27,35,87.697,30,0
file_318,0,0,0,0,0,0,0,0,0,0,0,0,0,0,7,7,0,0,2,2,1,1,1,2,0,0,0,2,0,0,3,2,6,9,13,2,2,0,0,0,0,0,0,0,0,0,0,0,0,4,32,53,13.592,24,0
file_319,0,0,1,0,0,0,0,0,0,0,0,0,0,1,5,5,0,0,2,2,1,1,1,2,0,0,0,0,0,0,2,3,9,7,10,2,0,0,0,0,0,0,0,0,0,0,0,0,0,4,66,113,50.858,18,0
file_320,0,0,0,0,0,0,0,0,0,0,0,0,0,7,58,50,18,0,2,2,1,1,1,0,0,0,0,2,0,0,1,0,1,66,119,0,0,0,0,0,0,0,0,0,0,0,0,0,0,16,366,668,509.143,106,1
file_321,2,0,1,0,0,0,0,0,0,0,0,0,2,0,3,3,0,0,0,1,2,0,1,0,0,0,0,0,0,0,1,0,1,4,2,0,0,0,0,0,0,0,0,0,0,0,0,1,1,1,10,10,18.462,7,1
file_322,2,0,1,0,0,0,0,0,0,0,0,0,2,0,3,3,0,0,0,1,2,0,1,0,0,0,0,0,0,0,1,0,1,4,4,0,0,0,0,0,0,0,0,0,0,0,0,1,1,1,10,10,8.166,9,1
file_323,0,0,0,1,0,0,0,0,9,0,0,0,9,3,23,22,3,0,2,2,2,1,1,2,0,0,0,6,0,0,1,9,6,25,92,2,0,0,0,0,0,0,0,0,0,0,0,0,0,7,147,227,206.7,56,0
file_324,0,0,0,3,0,0,11,0,0,0,0,3,0,2,73,72,51,0,0,1,3,0,3,10,0,0,0,14,3,0,1,13,11,109,111,11,0,0,0,0,5,0,0,0,0,0,0,0,0,18,0,0,146.346,277,0
file_325,3,0,1,0,0,0,0,0,0,0,0,0,0,0,1,1,1,0,0,2,1,1,1,0,0,0,0,0,2,0,1,0,1,2,2,0,0,1,0,0,0,2,0,2,0,0,2,1,0,3,10,10,34.504,9,1
file_326,0,0,0,2,0,0,0,0,0,0,0,2,0,0,43,41,2,0,0,1,7,0,1,6,0,0,0,12,2,0,1,2,19,46,45,2,0,0,0,0,0,0,0,0,0,0,0,0,0,13,0,0,75.416,115,0
file_327,3,0,0,1,0,0,0,0,0,0,0,0,0,0,0,0,0,0,2,2,1,1,1,2,0,0,0,0,0,0,1,0,1,3,4,2,2,0,0,0,0,2,0,0,0,0,0,0,0,3,16,16,15.028,9,1
file_328,2,0,1,0,0,0,0,0,0,0,0,0,1,0,2,2,0,0,0,1,1,0,1,0,0,0,0,0,0,0,1,0,1,3,3,0,0,1,0,0,1,0,0,0,0,0,2,0,1,1,9,9,9.582,8,1
file_329,0,0,0,1,0,0,0,0,0,0,0,0,0,1,16,4,2,0,2,2,1,1,1,2,0,0,0,0,0,0,1,2,6,19,24,2,0,0,0,0,0,0,0,0,0,0,0,0,0,4,31,39,76.606,39,0
file_330,0,0,1,0,0,0,0,0,0,0,0,0,0,218,324,97,294,0,2,1,1,1,6,0,0,0,0,7,0,0,3,3,1,325,333,2,3,0,0,0,11,0,0,0,0,0,0,0,0,184,431,841,11879.751,821,0
file_331,0,0,0,0,0,0,0,0,5,2,0,0,0,15,157,156,42,0,2,2,1,1,1,0,0,0,0,45,0,0,1,6,6,292,175,0,3,0,0,0,3,0,0,0,0,0,0,0,0,16,606,606,1320.789,475,0
file_332,2,0,1,0,0,0,0,0,0,0,0,0,2,0,3,3,0,0,0,1,2,0,1,0,0,0,0,0,0,0,1,0,1,4,6,0,0,0,0,0,0,0,0,0,0,0,0,1,1,1,10,10,8.244,9,1
file_333,0,0,0,0,0,0,0,0,0,0,0,0,0,0,11,11,0,0,0,1,1,0,1,3,0,0,0,3,2,0,2,3,6,13,11,2,0,0,0,0,0,0,0,0,0,0,0,0,0,4,0,0,11.557,30,0
file_334,0,0,0,1,0,0,6,1,0,1,0,0,1,1,9,9,0,0,0,1,1,0,1,3,0,0,0,3,0,0,1,5,2,11,14,5,0,0,0,0,2,0,0,0,0,0,0,0,0,4,53,0,9.367,33,1
file_335,0,0,1,0,0,0,0,0,14,0,0,0,0,0,138,138,17,0,2,2,1,1,2,0,0,0,0,2,0,0,2,0,14,139,221,0,0,0,0,0,1,0,0,0,0,0,0,0,0,4,740,740,419.987,211,0
file_336,5,0,0,1,0,0,0,0,0,0,0,0,0,0,2,2,1,0,0,1,1,0,1,0,0,0,0,0,0,0,1,0,1,0,2,0,0,0,0,0,0,0,0,0,0,0,0,0,0,1,155,310,12.495,0,1
file_337,0,0,0,0,0,0,0,0,0,0,0,0,0,0,13,7,12,0,2,2,1,1,1,2,0,0,0,0,0,0,1,2,7,15,27,2,0,0,0,0,0,0,0,0,0,0,0,0,0,9,38,67,335.4,37,0
file_338,0,0,0,0,0,0,0,0,0,0,0,0,0,0,4,4,0,0,2,2,2,1,1,2,0,0,0,2,0,0,1,2,7,6,10,2,2,0,0,0,1,0,0,0,0,0,0,0,0,6,21,33,11.596,20,0
file_339,0,0,0,0,0,0,0,0,0,0,0,0,0,0,10,10,0,0,2,2,1,1,1,2,0,0,0,0,0,0,1,3,6,12,17,2,2,0,0,0,0,0,0,0,0,0,0,0,0,3,26,32,18.209,27,0
file_340,0,0,1,1,0,0,0,0,6,4,0,0,10,0,17,16,2,0,4,2,1,1,1,0,0,0,0,0,0,0,1,0,1,20,21,0,0,0,0,0,0,0,0,0,0,0,0,0,0,1,200,338,77.989,24,0
file_341,5,0,0,1,0,0,0,0,0,0,0,0,0,0,2,2,1,0,0,1,1,0,1,0,0,0,0,0,0,0,1,0,1,0,2,0,0,0,0,0,0,0,0,0,0,0,0,0,0,1,155,310,12.564,0,1
file_342,0,0,0,0,0,0,0,0,2,0,0,7,2,0,34,32,23,0,2,2,1,1,1,2,0,0,0,0,2,0,12,6,11,36,65,2,0,0,0,0,1,2,0,0,0,0,0,0,0,6,838,1662,93.238,91,0
file_343,2,0,1,0,0,0,0,0,0,0,0,0,0,0,1,1,0,0,0,1,1,0,2,2,0,0,0,0,0,0,1,0,1,2,3,0,2,0,0,0,1,2,0,0,0,0,2,1,0,1,0,0,7.755,10,1
file_344,0,0,0,0,0,0,0,0,0,0,0,0,0,0,3,3,2,0,2,2,1,1,1,0,0,0,0,0,0,0,1,0,1,4,5,0,0,0,0,0,0,0,0,0,0,0,0,0,0,1,12,15,25.632,5,0
file_345,0,0,0,1,0,0,0,0,3,0,0,0,3,3,23,22,3,0,2,2,2,1,1,2,0,0,0,6,0,0,1,3,6,25,81,2,0,0,0,0,0,0,0,0,0,0,0,0,0,6,192,331,225.678,55,0
file_346,2,0,1,0,0,0,0,0,0,0,0,0,1,0,2,0,0,0,0,1,1,0,1,0,0,0,0,0,0,0,1,0,1,3,3,0,0,0,0,0,0,0,0,0,0,0,0,0,0,1,9,9,11.992,4,1
file_347,0,0,0,0,0,0,0,0,0,0,0,0,0,0,9,0,0,0,2,2,2,0,1,0,0,0,0,0,0,0,1,0,1,10,10,0,0,0,0,0,0,0,0,0,0,0,0,0,0,1,46,46,29.964,9,0
file_348,3,0,1,0,0,0,0,0,0,0,0,0,0,0,4,4,1,0,2,1,2,0,1,0,0,0,0,0,0,0,1,0,1,5,9,0,0,0,0,0,0,0,0,0,0,0,2,0,0,3,16,16,8.12,10,1
file_349,0,0,0,0,0,0,0,0,0,0,0,0,0,0,31,0,0,0,2,1,1,0,1,0,0,0,0,0,0,0,1,0,1,32,31,0,0,0,0,0,0,0,0,0,0,0,0,0,0,1,109,109,52.371,31,0
file_350,0,0,0,1,0,0,8,1,0,1,0,0,1,0,9,9,1,0,2,2,2,0,2,2,0,0,0,0,0,0,3,8,1,10,8,8,0,1,0,0,1,0,0,0,0,0,0,0,0,4,20,20,13.029,38,0
file_351,2,0,1,0,0,0,0,0,0,0,0,0,2,0,3,3,0,0,0,1,2,0,1,0,0,0,0,0,0,0,1,0,1,4,4,0,0,0,0,0,0,0,0,0,0,0,0,0,1,1,10,10,16.52,8,1
file_352,2,0,0,0,0,0,0,0,0,0,0,0,0,0,5,5,0,0,2,2,2,1,1,2,0,0,0,0,0,0,1,2,7,6,7,2,0,1,0,0,1,0,0,0,0,0,0,0,0,4,22,22,230.748,16,1
file_353,0,0,0,3,0,0,12,0,0,0,0,5,0,1,102,101,132,0,0,1,8,0,2,10,0,0,0,13,3,0,1,13,13,192,192,12,0,0,0,0,5,0,0,0,0,0,0,0,0,16,0,0,145.824,444,0
file_354,0,0,0,0,0,0,0,0,0,0,0,0,0,1,2,1,2,0,2,2,1,0,1,0,0,0,0,0,0,0,1,0,1,3,3,2,0,0,0,0,0,0,0,0,0,0,0,0,0,3,21,21,88.336,6,0
file_355,0,0,0,0,0,0,0,0,26,0,0,0,26,0,6,5,4,0,3,2,2,0,3,4,0,0,0,3,0,0,1,4,33,10,41,2,0,0,0,0,0,0,0,0,0,0,0,0,0,6,69,131,80.741,36,1
file_356,0,0,0,0,0,0,0,0,0,0,0,0,0,0,111,103,9,0,2,2,1,1,1,8,0,0,0,14,0,0,1,9,25,119,135,8,0,0,0,0,0,0,0,0,0,0,0,0,0,9,298,298,210.149,271,0
file_357,2,0,1,0,0,0,0,0,0,0,0,0,0,0,1,1,0,0,0,1,1,0,1,2,0,0,0,0,0,0,1,0,1,2,3,0,2,0,0,0,1,2,0,0,0,0,2,1,0,1,0,0,5.645,8,1
file_358,2,0,1,0,0,0,0,0,0,0,0,0,2,0,3,3,0,0,0,1,2,0,1,0,0,0,0,0,0,0,1,0,1,4,3,0,0,0,0,0,0,0,0,0,0,0,0,1,1,1,10,10,16.949,8,1
file_359,0,0,0,1,0,0,0,0,2,0,0,0,2,3,23,22,3,0,2,2,2,1,2,2,0,0,0,6,0,0,1,3,6,25,80,2,0,0,0,0,0,0,0,0,0,0,0,0,0,5,128,203,188.388,56,0
file_360,0,0,0,0,0,0,0,0,0,0,0,0,0,0,60,40,32,0,2,2,1,1,1,10,0,0,0,9,0,0,1,11,31,70,110,10,0,0,0,0,0,0,0,0,0,0,0,0,0,20,206,206,437.969,183,1
file_361,3,0,0,1,0,0,0,0,0,0,0,0,0,0,0,0,0,0,2,2,1,1,1,2,0,0,0,0,0,0,1,0,1,3,4,0,0,0,0,0,0,2,0,0,0,0,0,0,0,3,16,16,10.701,7,1
file_362,0,0,0,2,0,0,0,0,0,0,0,3,0,0,53,51,20,0,0,1,7,0,1,4,0,0,0,14,2,0,1,2,16,68,73,2,0,0,0,0,0,0,0,0,0,0,0,0,0,11,0,0,84.697,156,0
file_363,0,0,0,1,0,0,0,0,0,0,0,0,0,48,121,113,74,0,0,1,1,0,21,4,0,0,0,43,21,0,2,20,1,122,160,0,0,0,0,0,1,0,0,0,0,0,0,0,0,44,0,0,3333.23,395,0
file_364,0,0,0,2,0,0,8,0,0,0,0,2,0,0,43,42,18,0,0,1,12,0,2,12,0,0,0,7,3,0,1,9,7,56,56,9,0,0,0,0,4,0,0,0,0,0,0,0,0,16,0,0,72.591,166,0
file_365,0,0,0,0,0,0,0,0,0,5,0,0,0,0,11,11,0,0,2,2,2,1,2,4,0,0,0,4,0,0,3,2,1,12,21,0,0,0,0,0,3,2,0,0,0,0,2,0,0,9,39,39,64.65,47,0
file_366,0,0,0,0,0,0,0,0,1,0,0,0,1,0,7,4,5,0,3,2,2,0,1,2,0,0,0,3,0,0,1,4,11,13,20,2,0,0,0,0,0,0,0,0,0,0,0,0,0,5,41,75,218.857,37,0
file_367,2,0,1,1,0,0,0,1,0,1,0,0,1,0,4,4,0,0,0,1,1,0,1,2,0,0,0,0,0,0,1,2,1,5,4,2,0,0,0,0,1,2,0,0,0,0,0,1,0,1,15,15,5.155,12,1
file_368,5,0,1,1,0,0,0,0,0,0,0,0,0,0,0,0,0,0,2,2,1,1,1,4,0,0,0,0,0,0,1,0,1,3,4,0,0,1,1,2,0,0,0,0,0,0,2,0,0,3,15,15,7.019,11,1
file_369,2,0,1,0,0,0,0,0,0,0,0,0,0,0,3,3,0,0,0,1,1,0,1,2,0,0,0,0,0,0,1,0,1,2,2,0,0,0,0,0,0,0,0,0,0,0,0,0,0,1,5,9,5.035,2,1
file_370,0,0,0,1,0,0,0,0,0,0,0,3,0,6,164,161,111,0,0,1,3,0,7,7,0,0,0,60,3,0,1,10,9,186,296,7,0,0,0,0,2,0,0,0,0,0,3,0,0,15,0,0,859.063,477,0
file_371,0,0,0,0,0,0,0,0,3,0,0,0,3,1,23,23,4,0,2,2,2,1,2,4,0,0,0,9,0,0,6,4,7,25,95,3,0,0,0,0,2,0,0,0,0,0,0,0,0,15,157,253,156.364,85,0
file_372,0,0,1,0,0,0,0,0,0,0,0,0,0,0,7,7,0,0,2,2,1,1,1,2,0,0,0,0,0,0,1,3,9,9,12,2,0,0,0,0,0,0,0,0,0,0,0,0,0,3,52,87,36.358,19,0
file_373,0,0,0,3,0,0,11,0,0,0,0,11,0,1,97,96,93,0,0,1,5,0,2,16,0,0,0,14,3,0,1,12,15,161,166,11,0,0,0,0,5,0,0,0,0,0,0,0,0,21,0,0,153.843,389,0
file_374,0,0,0,0,0,0,0,0,0,0,0,0,0,0,8,8,0,0,2,2,3,1,1,3,0,0,0,0,2,0,2,2,7,10,14,2,0,0,0,0,0,0,0,0,0,0,0,0,0,5,93,176,17.631,27,0
file_375,0,0,0,2,0,0,0,0,0,0,0,10,0,0,97,95,116,0,0,1,6,0,1,7,0,0,0,11,3,0,8,2,25,177,185,2,0,0,0,0,1,0,0,0,0,0,0,0,0,12,0,0,138.139,387,0
file_376,0,0,0,0,0,0,0,0,0,0,0,0,0,0,112,112,0,0,3,3,1,2,1,19,0,0,0,19,0,0,1,20,62,131,155,19,0,0,0,0,0,0,0,0,0,0,0,0,0,21,383,733,365.032,336,0
file_377,0,0,0,1,0,0,0,0,0,0,0,0,0,3,30,29,3,0,0,1,3,0,2,3,0,0,0,7,2,0,1,3,6,32,28,2,0,0,0,0,0,0,0,0,0,0,0,0,0,8,0,0,203.563,74,0
file_378,3,0,0,0,0,0,0,0,0,0,0,0,0,1,1,0,0,0,2,2,1,1,1,2,0,0,0,0,0,0,1,0,1,3,4,0,0,0,0,0,0,0,0,0,0,0,2,0,0,1,0,16,77.52,5,1
file_379,3,0,0,0,0,0,0,0,0,0,0,0,0,0,1,1,0,0,0,1,1,0,1,2,0,0,0,0,0,0,1,0,1,2,2,0,0,0,0,0,0,0,0,0,0,0,0,0,0,1,0,0,5.36,2,1
file_380,2,0,1,0,0,0,0,0,0,0,0,0,2,0,3,3,0,0,0,1,2,0,1,0,0,0,0,0,0,0,1,0,1,4,2,0,0,0,0,0,0,0,0,0,0,0,0,1,1,1,10,10,17.431,7,1
file_381,2,0,1,0,0,0,0,0,0,0,0,0,2,0,3,3,0,0,0,1,2,0,1,0,0,0,0,0,0,0,1,0,1,4,3,0,0,0,0,0,0,0,0,0,0,0,0,1,1,1,10,10,8.321,8,1
file_382,0,0,0,0,0,0,0,0,0,2,0,0,0,3,21,21,0,0,2,2,1,1,1,4,0,0,0,9,4,0,1,3,20,25,29,3,3,1,0,0,0,0,0,0,0,0,2,0,0,6,0,0,150.907,72,1
file_383,0,0,1,0,0,0,0,0,0,0,0,10,0,17,177,174,40,0,0,1,3,0,2,15,0,0,0,5,4,0,13,9,6,179,184,6,5,0,0,0,0,8,0,0,0,0,2,0,0,35,0,0,1080.504,423,0
file_384,0,0,0,1,0,0,0,0,0,5,0,0,30,0,52,52,3,0,2,2,2,1,1,3,0,0,0,6,0,0,16,2,7,54,94,2,0,0,0,0,1,0,0,0,0,0,2,0,0,25,291,548,289.334,152,0
file_385,0,0,0,0,0,0,0,0,0,0,0,0,0,0,3,3,2,0,2,2,1,1,1,0,0,0,0,0,0,0,1,0,1,4,6,0,0,0,0,0,0,0,0,0,0,0,0,0,0,1,12,15,26.346,5,0
file_386,2,1,0,0,0,0,0,0,0,0,0,0,0,0,1,1,0,0,0,1,1,0,1,0,0,0,0,0,0,0,1,0,1,2,3,0,0,0,0,0,0,0,0,0,0,0,0,1,0,1,0,0,13.274,3,1
file_387,0,0,0,0,0,0,0,0,0,0,0,0,0,1,2,1,2,0,2,2,1,0,1,0,0,0,0,0,0,0,1,0,1,3,3,0,0,0,0,0,0,0,0,0,0,0,0,0,0,3,21,21,79.816,5,0
file_388,0,0,0,1,0,0,0,0,0,0,0,2,0,2,41,39,5,0,0,1,3,0,3,3,0,0,0,10,2,0,1,3,6,43,39,2,0,0,0,0,0,0,0,0,0,0,0,0,0,8,0,0,209.598,100,0
file_389,0,0,0,0,0,0,0,0,2,2,0,0,2,0,11,11,0,0,2,2,1,1,1,5,0,0,0,4,0,0,1,6,18,16,25,5,0,0,0,0,0,0,0,0,0,0,0,0,0,6,55,55,60.318,47,0
file_390,0,0,0,0,0,0,0,0,0,0,0,0,0,0,3,3,2,0,2,2,1,1,1,0,0,0,0,0,0,0,1,0,1,4,6,0,0,0,0,0,0,0,0,0,0,0,0,0,0,1,12,15,25.436,5,0
file_391,2,0,1,0,0,0,0,0,0,0,0,0,1,0,2,2,0,0,0,1,1,0,1,0,0,0,0,0,0,0,1,0,1,3,3,0,0,1,0,0,1,0,0,0,0,0,2,0,1,1,9,9,9.383,8,1
file_392,0,0,0,0,0,0,0,0,0,0,0,0,0,6,75,73,24,0,5,4,4,4,1,8,0,0,0,41,0,0,4,9,61,85,109,9,0,0,0,0,2,0,0,0,0,0,0,0,0,14,203,877,326.466,238,0
file_393,0,0,0,1,0,0,0,0,0,0,0,0,0,1,24,4,2,0,2,2,1,1,1,2,0,0,0,0,0,0,1,2,6,27,35,2,0,0,0,0,0,0,0,0,0,0,0,0,0,3,39,47,93.301,55,0
file_394,0,0,0,0,0,0,0,0,0,3,0,0,0,0,4,4,0,0,2,2,2,1,1,2,0,0,0,0,0,0,1,0,1,5,9,0,0,0,0,0,0,0,0,0,0,0,0,0,0,4,25,25,34.871,11,0
file_395,2,0,1,0,0,0,0,0,0,0,0,0,1,0,2,0,0,0,0,1,2,0,1,0,0,0,0,0,0,0,1,0,1,3,0,0,0,0,0,0,0,0,0,0,0,0,0,0,0,1,9,9,12.716,3,1
file_396,0,0,0,2,0,0,8,0,0,0,0,3,0,0,59,58,54,0,0,1,4,0,2,7,0,0,0,7,3,0,1,9,6,96,97,9,0,0,0,0,4,0,0,0,0,0,0,0,0,11,0,0,88.569,231,0
file_397,5,1,0,2,0,0,0,0,0,332,0,0,329,0,43,43,333,0,3,3,3,2,1,3,0,0,0,11,2,0,1,4,15,375,109,3,0,0,0,0,0,0,0,0,0,0,0,0,0,7,2036,8126,292.451,445,0
file_398,0,0,0,1,0,0,0,0,0,0,0,0,0,1,19,4,2,0,2,2,1,1,1,2,0,0,0,0,0,0,1,2,6,22,27,2,0,0,0,0,0,0,0,0,0,0,0,0,0,4,34,42,79.781,45,0
file_399,0,0,0,1,0,0,8,1,0,1,0,0,1,0,9,9,1,0,2,2,2,0,2,2,0,0,0,0,0,0,1,8,1,10,8,8,0,1,0,0,1,0,0,0,0,0,0,0,0,4,20,20,12.898,36,1
file_400,2,1,0,0,0,0,0,0,0,0,0,0,0,0,1,1,0,0,0,1,1,0,1,0,0,0,0,0,0,0,1,0,1,2,3,0,0,0,0,0,0,0,0,0,0,0,0,1,0,1,0,0,13.389,3,1
file_401,3,0,0,1,0,0,0,0,0,0,0,0,0,0,0,0,0,0,2,2,1,1,1,2,0,0,0,0,0,0,1,0,1,3,4,0,0,0,0,0,1,2,0,0,0,0,0,0,0,3,16,16,14.975,8,1
file_402,3,0,0,0,0,0,0,0,0,0,0,0,0,0,2,2,0,0,0,2,1,0,1,2,0,0,0,0,0,0,1,0,1,3,4,0,0,1,0,0,0,2,0,0,0,0,2,0,0,1,0,0,1.979,8,1
file_403,0,0,0,0,0,0,1,0,0,5,0,0,0,0,45,45,0,0,2,2,2,1,5,17,0,0,0,10,0,0,12,14,6,47,69,14,0,0,0,0,2,0,0,0,0,0,2,0,0,30,119,201,111.551,199,0
file_404,2,0,1,0,0,0,0,0,0,0,0,0,1,0,2,2,0,0,0,1,1,0,1,0,0,0,0,0,0,0,1,0,1,3,3,0,0,1,0,0,1,0,0,0,0,0,2,0,1,1,9,9,9.396,8,1
file_405,2,0,1,0,0,0,0,0,0,0,0,0,2,0,3,3,0,0,0,1,2,0,1,0,0,0,0,0,0,0,1,0,1,4,5,0,0,1,0,0,0,0,0,0,0,0,0,0,1,1,11,11,8.166,9,1
file_406,2,0,1,0,0,0,0,0,0,0,0,0,2,0,3,3,0,0,0,1,2,0,1,0,0,0,0,0,0,0,1,0,1,4,6,0,0,0,0,0,0,0,0,0,0,0,0,1,1,1,10,10,8.211,9,1
file_407,0,0,0,1,0,0,0,0,0,0,0,0,0,93,2540,2447,113,0,0,1,1,0,3,23,0,0,0,43,2,0,2,17,54,2557,2922,17,4,0,0,0,2,0,0,0,0,0,0,0,0,91,0,0,7835.64,5271,0
file_408,2,0,1,0,0,0,0,0,0,0,0,0,2,0,3,3,0,0,0,1,2,0,1,0,0,0,0,0,0,0,1,0,1,4,3,0,0,0,0,0,0,0,0,0,0,0,0,1,1,1,10,10,15.522,8,1
file_409,2,0,1,0,0,0,0,0,0,0,0,0,2,0,3,3,0,0,0,1,2,0,1,0,0,0,0,0,0,0,1,0,1,4,5,0,0,0,0,0,0,0,0,0,0,0,0,1,1,1,10,10,8.08,9,1
file_410,0,0,0,0,0,0,0,0,21,0,0,0,21,0,5,4,3,0,3,2,2,0,3,4,0,0,0,3,0,0,1,4,28,9,32,2,0,0,0,0,0,0,0,0,0,0,0,0,0,6,59,111,83.658,34,1
file_411,0,0,0,0,0,0,0,0,1,1,0,0,1,0,14,13,5,0,2,2,2,1,1,4,0,0,0,4,2,0,2,4,8,16,28,2,0,0,0,0,0,0,0,0,0,0,0,0,0,9,142,255,78.805,47,0
file_412,2,1,2,0,0,1,0,0,1,3,0,0,1,1,4,4,3,0,2,2,2,1,2,2,0,1,0,2,2,0,3,3,14,6,8,2,2,0,0,0,0,0,0,0,0,0,0,0,0,4,21,32,63.148,21,0
file_413,3,0,0,0,0,0,0,0,0,0,0,0,0,1,1,0,0,0,2,2,1,1,1,2,0,0,0,0,0,0,1,0,1,3,4,0,0,0,0,0,0,0,0,0,0,0,2,0,0,1,0,16,76.118,5,1
file_414,2,0,1,0,0,0,0,0,0,0,0,0,2,0,3,3,0,0,0,1,2,0,1,0,0,0,0,0,0,0,1,0,1,4,3,0,0,0,0,0,0,0,0,0,0,0,0,1,1,1,10,10,17.216,8,1
file_415,0,0,0,0,0,0,0,0,0,0,0,0,0,1,2,1,2,0,2,2,1,0,1,0,0,0,0,0,0,0,1,0,1,3,3,0,0,0,0,0,0,0,0,0,0,0,0,0,0,3,21,21,74.877,5,0
file_416,2,0,1,0,0,0,0,0,0,0,0,0,2,0,3,3,0,0,0,1,2,0,1,0,0,0,0,0,0,0,1,0,1,4,5,0,0,1,0,0,0,0,0,0,0,0,0,0,1,1,11,11,8.183,9,1
file_417,0,0,1,0,0,0,0,0,0,0,0,0,0,0,11,11,0,0,2,2,1,1,1,0,0,0,0,0,2,0,1,0,1,12,21,0,0,0,0,0,0,0,0,0,0,0,0,0,0,8,45,75,22.663,28,0
file_418,3,0,0,0,0,0,0,0,0,0,0,0,0,0,2,2,0,0,2,2,1,0,1,0,0,0,0,0,0,0,1,0,1,4,5,0,0,0,0,0,0,2,0,0,0,0,2,0,0,1,9,9,5.97,8,1
file_419,2,0,1,0,0,0,0,0,0,0,0,0,1,0,2,2,0,0,0,1,1,0,1,0,0,0,0,0,0,0,1,0,1,3,3,0,0,1,0,0,1,0,0,0,0,0,2,0,1,1,9,9,9.26,8,1
file_420,0,0,0,0,0,0,0,0,0,0,0,0,0,1,2,1,2,0,2,2,1,0,1,0,0,0,0,0,0,0,1,0,1,3,3,0,0,0,0,0,0,0,0,0,0,0,0,0,0,3,21,21,75.971,5,0
file_421,0,0,0,0,0,0,0,0,22,0,0,0,22,0,4,4,2,0,2,2,3,0,1,3,0,0,0,3,0,0,1,3,23,7,30,0,0,0,0,0,2,0,0,0,0,0,0,0,0,4,56,56,35.235,24,1
file_422,0,0,0,0,0,0,0,0,0,0,0,0,0,5,18,18,0,0,3,2,2,2,6,6,0,0,0,6,0,0,2,2,15,21,38,2,2,0,0,0,0,0,0,0,0,0,0,0,0,8,51,123,188.888,69,0
file_423,5,0,1,1,0,0,0,0,0,0,0,0,0,0,1,1,0,0,2,2,1,1,1,4,0,0,0,0,0,0,1,0,1,3,4,0,0,0,0,0,0,2,0,0,0,0,2,1,0,3,15,15,3.687,9,1
file_424,2,0,1,0,0,0,0,0,0,0,0,0,1,0,1,0,0,0,0,1,2,0,1,0,0,0,0,0,0,0,1,0,1,2,0,0,0,0,0,0,0,0,0,0,0,0,2,0,1,1,9,9,12.261,4,1
file_425,0,0,0,1,0,0,0,0,0,0,0,2,0,0,46,46,32,0,2,2,2,1,1,3,0,0,0,0,2,0,1,3,7,55,34,2,0,0,0,0,0,0,0,0,0,0,0,0,0,4,356,649,55.502,88,0
file_426,11,0,0,1,0,0,0,0,0,0,0,0,0,0,51,50,46,0,2,2,1,1,1,0,0,0,0,0,0,0,1,0,1,52,53,0,0,0,0,0,0,2,0,3,0,0,2,0,0,3,69,69,56.004,106,1
file_427,0,0,0,0,0,0,0,0,1,0,0,0,1,1,33,33,12,0,2,2,2,1,2,2,0,0,0,14,0,0,4,3,6,35,128,3,0,0,0,0,0,0,0,0,0,0,0,0,0,16,232,362,185.391,106,0
file_428,2,0,1,0,0,0,0,0,0,0,0,0,2,0,3,3,0,0,0,1,2,0,1,0,0,0,0,0,0,0,1,0,1,4,6,0,0,0,0,0,0,0,0,0,0,0,0,1,1,1,10,10,8.381,9,1
file_429,0,0,0,0,0,0,0,0,0,0,0,0,0,1,2,1,2,0,2,2,1,0,1,0,0,0,0,0,0,0,1,0,1,3,3,0,0,0,0,0,0,0,0,0,0,0,0,0,0,3,21,21,93.523,5,0
file_430,0,0,1,0,0,0,0,0,32,0,0,0,33,0,14,14,3,0,2,2,2,1,2,2,0,0,0,3,0,0,1,34,41,16,45,2,0,0,0,0,0,2,0,0,0,0,0,0,0,7,230,382,65.084,44,0
file_431,0,0,0,1,0,0,0,0,1,0,0,0,1,1,19,18,3,0,2,2,2,1,2,2,0,0,0,8,0,0,1,3,6,21,116,2,0,0,0,0,0,0,0,0,0,0,0,0,0,4,280,521,156.542,53,0
file_432,0,0,0,0,0,0,0,0,0,0,0,0,0,0,13,13,0,0,0,1,3,0,1,4,0,0,0,3,2,0,1,2,7,15,13,2,0,0,0,0,0,0,0,0,0,0,0,0,0,5,0,0,32.297,35,0
file_433,0,0,0,0,0,0,0,0,0,0,0,0,0,0,3,3,2,0,2,2,1,1,1,0,0,0,0,0,0,0,1,0,1,4,5,0,0,0,0,0,0,0,0,0,0,0,0,0,0,1,12,15,27.389,4,0
file_434,0,0,0,1,0,0,0,0,3,6,0,0,4,1,17,16,8,0,3,3,4,2,1,2,0,0,0,8,0,0,2,6,9,18,28,3,0,0,0,0,1,0,0,0,0,0,2,0,0,10,79,119,147.13,55,0
file_435,0,0,0,0,0,0,0,0,0,0,0,0,0,1,2,1,2,0,2,2,1,0,1,0,0,0,0,0,0,0,1,0,1,3,3,0,0,0,0,0,0,0,0,0,0,0,0,0,0,3,21,21,80.281,5,0
file_436,2,0,1,0,0,0,0,0,0,0,0,0,1,0,2,2,0,0,0,1,1,0,1,0,0,0,0,0,0,0,1,0,1,3,3,0,0,1,0,0,1,0,0,0,0,0,2,0,1,1,9,9,9.665,8,1
file_437,0,0,0,0,0,0,0,0,0,5,0,0,0,0,10,10,0,0,2,2,2,1,1,2,0,0,0,0,0,0,2,2,9,471,26,2,0,0,0,0,0,0,0,0,0,0,0,0,0,5,514,746,162.517,492,0
file_438,0,0,0,0,0,0,0,0,1,0,0,0,1,0,6,6,3,0,2,2,4,0,1,4,0,0,0,4,0,0,1,4,1,10,18,0,0,0,0,0,3,0,0,0,0,0,0,0,0,5,34,34,68.067,35,1
file_439,3,0,1,0,0,0,0,0,0,0,0,0,0,0,1,1,1,0,2,2,2,0,1,0,0,0,0,0,0,0,2,0,1,2,3,0,2,0,0,0,1,2,0,0,0,0,0,1,0,1,10,10,17.809,7,1
file_440,2,0,1,0,0,0,0,0,0,0,0,0,2,0,3,3,0,0,0,1,2,0,1,0,0,0,0,0,0,0,1,0,1,4,3,0,0,0,0,0,0,0,0,0,0,0,0,1,1,1,10,10,8.07,8,1
file_441,0,0,0,0,0,0,0,0,0,0,0,0,0,0,13,0,0,0,2,1,1,0,1,0,0,0,0,0,0,0,1,0,1,14,3,0,0,0,0,0,0,0,0,0,0,0,0,0,0,1,51,51,16.845,13,0
file_442,3,0,0,0,0,0,0,0,0,0,0,0,0,1,1,0,0,0,2,2,1,1,1,2,0,0,0,0,0,0,1,0,1,3,4,0,0,0,0,0,0,0,0,0,0,0,2,0,0,1,0,16,73.508,5,1
file_443,2,0,1,0,0,0,0,0,0,0,0,0,2,0,3,3,0,0,0,1,2,0,1,0,0,0,0,0,0,0,1,0,1,4,4,0,0,1,0,0,0,0,0,0,0,0,0,0,1,1,11,11,8.139,9,1
file_444,0,0,0,0,0,0,0,0,0,0,0,0,0,0,3,3,2,0,2,2,1,1,1,0,0,0,0,0,0,0,1,0,1,4,5,0,0,0,0,0,0,0,0,0,0,0,0,0,0,1,12,15,23.69,5,0
file_445,0,0,0,1,0,0,0,0,0,5,0,0,22,0,55,55,3,0,2,2,2,1,1,3,0,0,0,6,0,0,10,3,7,57,108,2,2,0,0,0,2,2,0,0,0,0,3,0,0,29,286,545,399.559,161,0
file_446,2,0,1,1,0,0,0,1,0,1,0,0,1,0,0,0,0,0,0,1,1,0,1,2,0,0,0,0,0,0,1,2,4,3,5,2,0,0,0,0,1,0,0,0,0,0,0,0,0,3,24,22,13.383,8,1
file_447,2,0,1,0,0,0,0,0,0,0,0,0,2,0,3,3,0,0,0,1,2,0,1,0,0,0,0,0,0,0,1,0,1,4,3,0,0,0,0,0,0,0,0,0,0,0,0,1,1,1,10,10,15.358,8,1
file_448,0,0,0,0,0,0,0,0,1,1,0,1,1,0,19,19,0,0,4,4,4,3,1,3,0,0,0,0,2,0,2,4,20,23,38,2,0,0,0,0,0,0,0,0,0,0,0,0,0,9,256,1415,53.352,57,0
file_449,3,0,1,0,0,0,0,0,0,0,0,0,0,0,1,1,1,0,0,2,1,1,1,0,0,0,0,0,0,0,1,0,1,2,2,0,0,1,0,0,0,2,0,0,0,0,0,0,0,1,10,10,7.648,5,1
file_450,0,0,0,0,0,0,0,0,0,0,0,0,0,1,17,17,0,0,2,2,4,1,1,2,0,0,0,0,0,0,6,3,9,19,35,2,2,0,0,0,2,0,0,0,0,0,0,0,0,15,60,104,83.27,63,0
file_451,0,0,1,0,0,0,0,0,0,0,0,0,0,0,0,0,0,0,0,1,1,0,1,0,0,0,0,0,0,0,1,0,1,2,2,0,0,0,0,0,0,0,0,0,0,0,0,0,0,1,0,0,232.193,2,1
file_452,2,0,1,0,0,0,0,0,0,1,0,0,2,1,3,3,0,0,0,1,2,0,1,0,0,0,0,0,0,0,1,0,1,4,5,0,0,1,0,0,0,2,0,0,0,0,2,0,1,3,11,11,38.068,12,1
file_453,0,0,0,1,0,0,0,0,0,0,0,0,0,1,23,22,3,0,0,1,3,0,2,3,0,0,0,6,2,0,1,2,6,25,22,2,0,0,0,0,0,0,0,0,0,0,0,0,0,9,0,0,86.6,63,0
file_454,0,0,0,0,0,0,1,0,0,1,0,0,0,0,6,6,0,0,3,2,1,2,1,2,0,0,0,3,0,0,1,2,6,8,15,2,0,0,0,0,0,0,0,0,0,0,0,0,0,6,30,47,26.937,22,0
file_455,0,0,0,2,0,0,0,0,0,0,0,8,0,0,47,45,2,0,0,1,10,0,1,6,0,0,0,10,2,0,1,2,29,51,55,2,0,0,0,0,0,0,0,0,0,0,0,0,0,18,0,0,100.247,131,0
file_456,2,0,1,0,0,0,0,0,0,0,0,0,0,0,1,1,0,0,0,1,1,0,1,0,0,0,0,0,0,0,1,0,1,2,3,0,0,0,0,0,0,0,0,0,0,0,2,0,0,3,29,29,12.061,4,1
file_457,0,0,0,1,0,0,0,0,4,6,0,0,5,1,21,20,8,0,3,3,6,2,1,3,0,0,0,13,0,0,2,6,9,22,34,3,0,0,0,0,0,2,0,0,0,0,0,0,0,10,92,145,161.313,70,0
file_458,2,0,1,0,0,0,0,0,0,0,0,0,1,0,2,2,0,0,0,1,1,0,1,0,0,0,0,0,0,0,1,0,1,3,3,0,0,1,0,0,1,0,0,0,0,0,2,0,1,1,9,9,9.902,8,1
file_459,0,0,0,1,0,0,8,1,0,1,0,0,1,0,9,9,1,0,2,2,2,0,1,2,0,0,0,0,0,0,1,8,1,10,9,8,0,1,0,0,1,0,0,0,0,0,0,0,0,4,20,20,13.062,34,1
file_460,0,0,0,0,0,0,0,0,25,0,0,0,25,0,8,7,5,0,3,2,2,0,1,2,0,0,0,4,0,0,1,5,36,16,47,2,0,0,0,0,0,0,0,0,0,0,0,0,0,4,78,149,81.169,45,1
file_461,2,0,1,0,0,0,0,0,0,0,0,0,2,0,3,3,0,0,0,1,2,0,1,0,0,0,0,0,0,0,1,0,1,4,3,0,0,0,0,0,0,0,0,0,0,0,0,1,1,1,10,10,15.799,8,1
file_462,0,0,1,1,0,0,0,0,0,0,0,6,0,0,89,89,8,0,0,1,3,0,5,6,0,0,0,51,2,0,3,4,6,91,106,2,0,0,0,0,3,0,0,0,0,0,0,0,0,14,0,0,110.299,262,0
file_463,2,0,1,0,0,0,0,0,0,0,0,0,2,0,3,3,0,0,0,1,2,0,1,0,0,0,0,0,0,0,1,0,1,4,6,0,0,0,0,0,0,0,0,0,0,0,0,1,1,1,10,10,8.064,9,1
file_464,0,0,0,2,0,0,0,0,0,0,0,3,0,0,48,46,14,0,0,1,5,0,1,5,0,0,0,13,2,0,1,2,19,59,58,2,0,0,0,0,0,0,0,0,0,0,0,0,0,13,0,0,76.413,139,0
file_465,5,0,1,1,0,0,0,0,0,0,0,0,0,0,2,2,0,0,0,1,1,0,2,4,0,0,0,0,0,0,1,0,1,3,4,0,2,0,0,0,0,2,0,0,2,0,2,1,0,4,15,15,4.086,12,1
file_466,3,0,0,0,0,0,0,0,0,0,0,0,0,0,1,1,0,0,2,2,1,1,1,2,0,0,0,0,0,0,1,0,1,3,3,0,0,0,0,0,0,0,0,0,0,0,2,0,0,1,0,16,14.89,4,1
file_467,2,0,1,0,0,0,0,0,0,0,0,0,2,0,3,3,0,0,0,1,2,0,1,0,0,0,0,0,0,0,1,0,1,4,5,0,0,0,0,0,0,0,0,0,0,0,0,1,1,1,10,10,8.151,9,1
file_468,2,0,1,1,0,0,0,1,0,1,0,0,1,0,4,4,0,0,0,1,1,0,1,2,0,0,0,0,0,0,1,2,1,5,4,2,0,0,0,0,1,2,0,0,0,0,0,1,0,1,15,15,10.985,12,0
file_469,5,0,1,1,0,0,0,0,0,0,0,0,0,0,0,0,0,0,2,2,1,1,1,4,0,0,0,0,0,0,1,0,1,3,4,0,0,0,0,0,0,2,0,0,0,0,0,0,0,4,15,15,7.748,8,1
file_470,2,0,1,0,0,0,0,0,0,0,0,0,1,0,2,2,0,0,0,1,1,0,1,0,0,0,0,0,0,0,1,0,1,3,3,0,0,1,0,0,1,0,0,0,0,0,2,0,1,1,9,9,9.916,8,1
file_471,0,0,0,1,0,0,0,0,0,0,0,0,0,1,15,5,2,0,2,2,1,1,1,2,0,0,0,0,0,0,1,2,6,18,26,2,0,0,0,0,0,0,0,0,0,0,0,0,0,3,30,38,89.23,36,0
file_472,5,1,0,2,0,0,0,0,0,9,0,0,9,6,18,17,0,0,3,3,3,3,1,2,0,0,0,9,0,0,8,3,14,29,43,2,0,0,0,0,1,0,0,0,0,0,0,0,0,9,256,502,239.31,75,0
file_473,4,2,0,1,0,0,0,1,0,2,0,0,0,1,5,5,0,0,0,1,2,0,1,4,0,0,0,0,0,0,1,3,1,6,8,2,0,1,0,0,1,0,0,0,0,0,0,0,0,4,15,15,46.676,22,1
file_474,2,0,1,0,0,0,0,0,0,0,0,0,2,0,3,3,0,0,0,1,2,0,1,0,0,0,0,0,0,0,1,0,1,4,3,0,0,0,0,0,0,0,0,0,0,0,0,1,1,1,10,10,16.412,8,0
file_475,2,0,1,0,0,0,0,0,0,0,0,0,2,0,3,3,0,0,0,1,2,0,1,0,0,0,0,0,0,0,1,0,1,4,2,0,0,0,0,0,0,0,0,0,0,0,0,1,1,1,10,10,17.099,7,1
file_476,0,0,0,2,0,0,9,0,0,0,0,4,0,0,61,60,36,0,0,1,2,0,2,9,0,0,0,16,2,0,1,10,6,86,85,10,0,0,0,0,4,0,0,0,0,0,0,0,0,16,0,0,92.128,223,0
file_477,0,0,0,2,0,0,8,0,0,0,0,3,0,0,57,56,33,0,0,1,6,0,2,9,0,0,0,12,2,0,5,9,7,80,79,9,0,0,0,0,4,0,0,0,0,0,0,0,0,12,0,0,86.142,210,0
file_478,0,0,0,2,0,0,0,0,0,0,0,0,0,3,36,34,2,0,2,2,2,1,2,7,0,0,0,4,3,0,1,5,19,39,46,2,4,0,0,0,1,0,0,0,0,0,0,0,0,18,0,0,356.99,111,0
file_479,0,0,0,0,0,0,1,0,1,2,0,0,1,1,7,7,0,0,3,2,1,2,1,2,0,0,0,0,0,0,3,2,7,9,19,2,0,0,0,0,0,0,0,0,0,0,0,0,0,6,42,68,50.956,24,0
file_480,5,0,1,1,0,0,0,0,0,0,0,0,0,0,2,2,0,0,2,2,1,1,1,4,0,0,0,0,0,0,1,0,1,3,5,0,0,1,1,0,0,0,0,0,0,0,2,0,0,3,15,15,2.812,10,1
file_481,3,0,0,0,0,0,0,0,0,0,0,0,0,0,1,1,0,0,2,2,1,1,1,2,0,0,0,0,0,0,1,0,1,3,3,0,0,0,0,0,0,0,0,0,0,0,2,0,0,1,0,16,14.8,4,1
file_482,2,0,1,0,0,0,0,0,0,0,0,0,1,0,2,2,0,0,0,1,1,0,1,0,0,0,0,0,0,0,1,0,1,3,3,0,0,1,0,0,1,0,0,0,0,0,2,0,1,1,9,9,9.884,8,1
file_483,0,1,1,0,0,1,0,0,0,5,0,0,2,0,3,3,0,0,2,2,1,1,1,0,0,0,0,0,0,0,1,0,2,4,4,0,0,0,0,0,0,2,0,0,0,0,0,0,0,1,26,26,9.439,7,1
file_484,2,0,1,0,0,0,0,0,0,0,0,0,2,0,3,3,0,0,0,1,2,0,1,0,0,0,0,0,0,0,1,0,1,4,3,0,0,0,0,0,0,0,0,0,0,0,0,1,1,1,10,10,16.466,8,1
file_485,0,0,0,1,0,0,0,0,0,0,0,0,0,121,1855,1713,600,0,0,1,4,0,14,119,0,0,0,468,0,0,19,236,1421,1915,2012,128,16,0,0,0,52,36,0,0,0,0,0,0,0,249,0,0,30533.039,4917,0
file_486,0,0,1,0,0,0,0,0,0,0,0,0,0,0,100,100,0,0,2,2,20,1,1,13,0,0,0,5,0,0,9,0,1,101,199,0,0,0,0,0,0,0,0,0,0,0,2,0,0,60,327,642,214.053,302,0
file_487,0,0,0,0,0,0,0,0,0,6,0,0,0,0,25,25,0,0,4,4,4,3,2,9,0,0,0,13,0,0,5,6,11,28,44,3,0,0,0,0,5,0,0,0,0,0,0,0,0,14,73,178,98.709,105,0
file_488,5,0,0,1,0,0,0,0,0,0,0,0,0,0,2,2,1,0,0,2,1,1,1,0,0,0,0,0,0,0,1,0,1,0,0,2,0,0,0,0,0,0,0,0,0,0,0,0,0,1,12,24,16.218,1,1
file_489,0,0,0,0,0,0,0,0,0,0,0,0,0,0,22,22,0,0,2,2,9,1,2,3,0,0,0,0,0,0,3,4,6,24,47,2,2,0,0,0,4,0,0,0,0,0,0,0,0,15,84,157,50.815,82,0
file_490,3,0,0,0,0,0,0,0,0,0,0,0,0,1,1,0,0,0,2,2,1,1,1,2,0,0,0,0,0,0,1,0,1,3,4,0,0,0,0,0,0,0,0,0,0,0,2,0,0,1,0,16,77.109,5,0
file_491,0,0,0,0,0,0,0,0,1,1,0,8,1,0,40,40,0,0,2,2,10,1,1,7,0,0,0,0,2,0,3,3,7,42,69,2,0,0,0,0,0,2,0,0,0,0,0,0,0,14,910,1808,108.812,113,0
file_492,0,0,1,0,0,0,0,0,1,1,0,0,2,1,44,41,10,0,2,2,1,1,1,0,0,0,0,2,0,0,1,2,2,45,73,0,0,0,0,0,0,0,0,0,0,0,0,0,0,7,184,346,210.911,87,0
file_493,2,0,1,0,0,0,0,0,0,0,0,0,2,0,3,3,0,0,0,1,2,0,1,0,0,0,0,0,0,0,1,0,1,4,6,0,0,0,0,0,0,0,0,0,0,0,0,1,1,1,10,10,8.243,9,1
file_494,3,0,0,0,0,0,0,0,0,0,0,0,0,1,1,0,0,0,2,2,1,1,1,2,0,0,0,0,0,0,1,0,1,3,4,0,0,0,0,0,0,0,0,0,0,0,2,0,0,1,0,16,77.781,5,1
file_495,2,0,1,1,0,0,0,1,0,2,0,0,2,0,0,0,0,0,0,1,1,0,1,2,0,0,0,0,0,0,1,2,4,3,5,2,0,0,0,0,1,0,0,0,0,0,0,0,0,3,24,22,13.325,8,1
file_496,0,0,0,0,0,0,0,0,0,0,0,0,0,0,27,24,5,0,0,1,2,0,1,6,0,0,0,4,2,0,1,3,7,29,29,2,0,0,0,0,0,0,0,0,0,0,0,0,0,8,0,0,55.909,70,0
file_497,0,0,0,0,0,0,0,0,2,2,0,0,0,2,6,5,4,0,2,2,1,1,1,0,0,0,0,0,2,0,2,2,4,7,7,0,0,0,0,0,1,0,0,0,0,0,0,0,0,4,19,38,161.541,15,1
file_498,2,0,1,0,0,0,0,0,0,0,0,0,2,0,3,3,0,0,0,1,2,0,1,0,0,0,0,0,0,0,1,0,1,4,3,0,0,0,0,0,0,0,0,0,0,0,0,1,1,1,10,10,8.371,8,1
file_499,2,0,1,0,0,0,0,0,0,0,0,0,1,0,2,2,0,0,0,1,2,0,1,0,0,0,0,0,0,0,1,0,1,3,3,0,0,1,0,0,0,2,0,0,0,0,2,0,1,1,9,9,9.549,9,1
