,/JS,/AA,/OpenAction,/AcroForm,/RichMedia,/Launch,/EmbeddedFile,/XFA,/URI,/F,/GoToE,/Extends,/Annot,/Length,/Filter,/FlateDecode,/XObject,/Encrypt,/CreationDate,/Author,subject,/ModDate,html,Script,powershell.exe,cmd.exe,ascii_c,sys,root,reg,exe,http,domain,filepath,ascii,xml,dll,unescape,%u9090%u9090,getIcon,temptmp,eval,%appdata%,chunk,base64,mkdir,replace,fromCharCode,getAnnots,ip,xref_size,trailer_size,file_size,nof_stream,class
file_000,0,0,0,0,0,0,0,0,0,0,0,0,0,1,2,1,2,0,2,2,1,0,1,0,0,0,0,0,0,0,1,0,1,3,3,0,0,0,0,0,0,0,0,0,0,0,0,0,0,3,21,21,67.784,5,0
file_001,0,0,0,0,0,0,0,0,0,0,0,0,0,0,6,6,0,0,2,2,1,1,1,3,0,0,0,3,2,0,2,2,7,8,9,2,0,0,0,0,0,0,0,0,0,0,0,0,0,5,98,174,14.627,23,0
file_002,2,0,1,0,0,0,0,0,0,0,0,0,2,0,3,3,0,0,0,1,2,0,1,0,0,0,0,0,0,0,1,0,1,4,3,0,0,0,0,0,0,0,0,0,0,0,0,1,1,1,10,10,16.013,8,1
file_003,0,0,0,0,0,0,0,0,0,0,0,0,0,1,2,1,2,0,2,2,1,0,1,0,0,0,0,0,0,0,1,0,1,3,3,0,0,0,0,0,0,0,0,0,0,0,0,0,0,3,21,21,63.609,5,0
file_004,0,0,0,1,0,0,0,0,0,0,0,0,0,1,14,4,2,0,2,2,1,1,1,2,0,0,0,0,0,0,1,2,6,17,23,2,0,0,0,0,0,0,0,0,0,0,0,0,0,4,29,37,83.376,35,0
file_005,0,0,0,0,0,0,0,0,0,0,0,0,0,0,3,2,2,0,2,2,1,1,1,2,0,0,0,0,0,0,1,2,7,5,7,2,0,0,0,0,0,0,0,0,0,0,0,0,0,3,13,17,22.444,11,0
file_006,2,0,1,0,0,0,0,0,0,0,0,0,1,0,1,0,0,0,0,1,2,0,1,0,0,0,0,0,0,0,1,0,1,2,0,0,0,0,0,0,0,0,0,0,0,0,2,0,1,1,9,9,12.011,4,1
file_007,0,0,0,0,0,0,0,0,0,0,0,0,0,0,3,3,2,0,2,2,1,1,1,0,0,0,0,0,0,0,1,0,1,4,6,0,0,0,0,0,0,0,0,0,0,0,0,0,0,1,12,15,25.648,5,0
file_008,2,0,1,0,0,0,0,0,0,0,0,0,2,0,3,3,0,0,0,1,2,0,1,0,0,0,0,0,0,0,1,0,1,4,4,0,0,1,0,0,0,0,0,0,0,0,0,0,1,1,11,11,8.286,9,1
file_009,2,0,1,0,0,0,0,0,0,0,0,0,2,0,3,3,0,0,0,1,2,0,1,0,0,0,0,0,0,0,1,0,1,4,5,0,0,0,0,0,0,0,0,0,0,0,0,1,1,1,10,10,7.841,9,1
file_010,2,0,1,0,0,0,0,0,0,0,0,0,2,0,3,3,0,0,0,1,2,0,1,0,0,0,0,0,0,0,1,0,1,4,5,0,0,0,0,0,0,0,0,0,0,0,0,1,1,1,10,10,8.329,9,1
file_011,0,0,0,0,0,0,0,0,0,0,0,0,0,0,3,3,2,0,2,2,1,1,1,0,0,0,0,0,0,0,1,0,1,4,6,0,0,0,0,0,0,0,0,0,0,0,0,0,0,1,12,15,24.977,5,0
file_012,0,0,0,1,0,0,0,0,0,0,0,0,0,1,35,5,2,0,2,2,1,1,1,2,0,0,0,0,0,0,1,2,6,38,48,2,0,0,0,0,0,0,0,0,0,0,0,0,0,3,50,58,104.881,75,0
file_013,2,0,1,0,0,0,0,0,0,0,0,0,2,0,3,3,0,0,0,1,2,0,1,0,0,0,0,0,0,0,1,0,1,4,3,0,0,0,0,0,0,0,0,0,0,0,0,1,1,1,10,10,15.77,8,1
file_014,2,0,1,0,0,0,0,0,0,0,0,0,2,0,3,3,0,0,0,1,2,0,1,0,0,0,0,0,0,0,1,0,1,4,3,0,0,0,0,0,0,0,0,0,0,0,0,1,1,1,10,10,8.168,8,1
file_015,0,0,0,0,0,0,0,0,0,0,0,0,0,1,2,1,2,0,2,2,1,0,1,0,0,0,0,0,0,0,1,0,1,3,3,0,0,0,0,0,0,0,0,0,0,0,0,0,0,3,21,21,83.638,5,0
file_016,2,0,1,0,0,0,0,0,0,0,0,0,1,0,1,0,0,0,0,1,2,0,1,0,0,0,0,0,0,0,1,0,1,2,0,0,0,0,0,0,0,0,0,0,0,0,2,0,1,1,9,9,12.441,4,1
file_017,0,0,0,0,0,0,0,0,0,0,0,0,0,1,2,1,2,0,2,2,1,0,1,0,0,0,0,0,0,0,1,0,1,3,3,0,0,0,0,0,0,0,0,0,0,0,0,0,0,3,21,21,84.028,5,0
file_018,0,0,0,0,0,0,0,0,0,0,0,0,0,0,3,3,2,0,2,2,1,1,1,0,0,0,0,0,0,0,1,0,1,4,6,0,0,0,0,0,0,0,0,0,0,0,0,0,0,1,12,15,28.532,5,0
file_019,0,0,0,0,0,0,0,0,0,0,0,0,0,0,13,13,0,0,2,2,5,1,1,3,0,0,0,0,2,0,1,3,7,15,27,2,0,0,0,0,0,0,0,0,0,0,0,0,0,8,140,270,31.492,43,0
file_020,2,0,1,0,0,0,0,0,0,0,0,0,2,0,3,3,0,0,0,1,2,0,1,0,0,0,0,0,0,0,1,0,1,4,3,0,0,0,0,0,0,0,0,0,0,0,0,1,1,1,10,10,8.443,8,1
file_021,0,0,0,1,0,0,0,0,0,0,0,0,0,1,23,6,2,0,2,2,1,1,1,2,0,0,0,0,0,0,1,2,6,26,32,2,0,0,0,0,0,0,0,0,0,0,0,0,0,4,38,46,75.849,52,0
file_022,2,0,1,0,0,0,0,0,0,0,0,0,2,0,3,3,0,0,0,1,2,0,1,0,0,0,0,0,0,0,1,0,1,4,3,0,0,0,0,0,0,0,0,0,0,0,0,1,1,1,10,10,8.228,8,1
file_023,2,0,1,0,0,0,0,0,0,0,0,0,2,0,3,3,0,0,0,1,2,0,1,0,0,0,0,0,0,0,1,0,1,4,6,0,0,0,0,0,0,0,0,0,0,0,0,1,1,1,10,10,8.104,9,1
file_024,2,0,1,0,0,0,0,0,0,0,0,0,2,0,3,3,0,0,0,1,2,0,1,0,0,0,0,0,0,0,1,0,1,4,5,0,0,0,0,0,0,0,0,0,0,0,0,1,1,1,10,10,8.213,9,1
file_025,0,0,0,0,0,0,0,0,0,0,0,0,0,0,3,2,2,0,2,2,1,1,1,2,0,0,0,0,0,0,1,2,7,5,7,2,0,0,0,0,0,0,0,0,0,0,0,0,0,4,13,17,16.744,12,0
file_026,2,0,1,0,0,0,0,0,0,0,0,0,1,0,2,2,0,0,0,1,2,0,1,0,0,0,0,0,0,0,1,0,1,3,3,0,0,1,0,0,0,2,0,0,0,0,2,0,1,1,9,9,9.701,9,1
file_027,0,0,0,0,0,0,0,0,0,0,0,0,0,0,3,2,2,0,2,2,1,1,1,2,0,0,0,0,0,0,1,2,7,5,7,2,0,0,0,0,0,0,0,0,0,0,0,0,0,4,13,17,17.432,12,0
file_028,0,0,0,0,0,0,0,0,0,0,0,0,0,1,2,1,2,0,2,2,1,0,1,0,0,0,0,0,0,0,1,0,1,3,3,0,0,0,0,0,0,0,0,0,0,0,0,0,0,3,21,21,87.051,5,0
file_029,0,0,0,0,0,0,0,0,0,0,0,0,0,0,3,2,2,0,2,2,1,1,1,0,0,0,0,0,0,0,1,0,1,4,5,0,0,0,0,0,0,0,0,0,0,0,0,0,0,1,12,15,24.71,4,0
file_030,0,0,0,0,0,0,0,0,0,0,0,0,0,1,2,1,2,0,2,2,1,0,1,0,0,0,0,0,0,0,1,0,1,3,3,0,0,0,0,0,0,0,0,0,0,0,0,0,0,3,21,21,80.76,5,0
file_031,2,0,1,0,0,0,0,0,0,0,0,0,2,0,3,3,0,0,0,1,2,0,1,0,0,0,0,0,0,0,1,0,1,4,4,0,0,1,0,0,0,0,0,0,0,0,0,0,1,1,11,11,7.652,9,1
file_032,2,0,1,0,0,0,0,0,0,0,0,0,2,0,3,3,0,0,0,1,2,0,1,0,0,0,0,0,0,0,1,0,1,4,5,0,0,1,0,0,0,0,0,0,0,0,0,0,1,1,11,11,8.07,9,1
file_033,0,0,0,1,0,0,0,0,0,0,0,0,0,1,8,4,2,0,2,2,1,1,1,2,0,0,0,0,0,0,1,2,6,11,15,2,0,0,0,0,0,0,0,0,0,0,0,0,0,3,23,31,69.396,22,0
file_034,0,0,0,1,0,0,0,0,0,0,0,0,0,1,34,6,3,0,2,2,1,1,1,2,0,0,0,0,0,0,1,2,6,38,46,2,0,0,0,0,0,0,0,0,0,0,0,0,0,4,51,75,111.124,74,0
file_035,2,0,1,0,0,0,0,0,0,0,0,0,2,0,3,3,0,0,0,1,2,0,1,0,0,0,0,0,0,0,1,0,1,4,6,0,0,0,0,0,0,0,0,0,0,0,0,1,1,1,10,10,8.176,9,1
file_036,2,0,1,0,0,0,0,0,0,0,0,0,2,0,3,3,0,0,0,1,2,0,1,0,0,0,0,0,0,0,1,0,1,4,6,0,0,0,0,0,0,0,0,0,0,0,0,1,1,1,10,10,8.188,9,1
file_037,0,0,0,0,0,0,0,0,0,0,0,0,0,0,3,2,2,0,2,2,1,1,1,0,0,0,0,0,0,0,1,0,1,4,5,0,0,0,0,0,0,0,0,0,0,0,0,0,0,1,12,15,28.456,4,0
file_038,2,0,1,0,0,0,0,0,0,0,0,0,1,0,2,0,0,0,0,1,2,0,1,0,0,0,0,0,0,0,1,0,1,3,3,0,0,0,0,0,0,0,0,0,0,0,2,0,1,1,9,9,10.017,6,1
file_039,2,0,1,0,0,0,0,0,0,0,0,0,1,0,1,0,0,0,0,1,2,0,1,0,0,0,0,0,0,0,1,0,1,2,0,0,0,0,0,0,0,0,0,0,0,0,2,0,1,1,9,9,11.986,4,1
file_040,0,0,0,0,0,0,0,0,0,0,0,0,0,1,2,1,2,0,2,2,1,0,1,0,0,0,0,0,0,0,1,0,1,3,3,0,0,0,0,0,0,0,0,0,0,0,0,0,0,3,21,21,66.595,5,0
file_041,2,0,1,0,0,0,0,0,0,0,0,0,2,0,3,3,0,0,0,1,2,0,1,0,0,0,0,0,0,0,1,0,1,4,5,0,0,1,0,0,0,0,0,0,0,0,0,0,1,1,11,11,8.111,9,1
file_042,2,0,1,0,0,0,0,0,0,0,0,0,1,0,1,0,0,0,0,1,2,0,1,0,0,0,0,0,0,0,1,0,1,2,0,0,0,0,0,0,0,0,0,0,0,0,2,0,1,1,9,9,12.602,4,1
file_043,2,0,1,0,0,0,0,0,0,0,0,0,1,0,2,2,0,0,0,1,2,0,1,0,0,0,0,0,0,0,1,0,1,3,3,0,0,1,0,0,0,2,0,0,0,0,2,0,1,1,9,9,9.462,9,1
file_044,0,0,0,1,0,0,0,0,0,0,0,0,0,1,18,5,2,0,2,2,1,1,1,2,0,0,0,0,0,0,1,2,6,21,29,2,0,0,0,0,0,0,0,0,0,0,0,0,0,3,33,41,90.895,41,0
file_045,2,0,1,0,0,0,0,0,0,0,0,0,0,0,1,1,0,0,0,1,1,0,1,2,0,0,0,0,0,0,1,0,1,2,3,0,0,1,0,0,0,2,0,0,0,0,0,0,0,1,0,0,2.146,6,1
file_046,2,0,1,0,0,0,0,0,0,0,0,0,2,0,3,3,0,0,0,1,2,0,1,0,0,0,0,0,0,0,1,0,1,4,3,0,0,0,0,0,0,0,0,0,0,0,0,1,1,1,10,10,16.026,8,1
file_047,2,0,1,0,0,0,0,0,0,0,0,0,2,0,3,3,0,0,0,1,2,0,1,0,0,0,0,0,0,0,1,0,1,4,2,0,0,0,0,0,0,0,0,0,0,0,0,1,1,1,10,10,17.218,7,1
file_048,0,0,0,0,0,0,0,0,0,0,0,0,0,0,10,1,0,0,2,2,2,1,1,0,0,0,0,0,0,0,1,0,1,11,4,0,0,0,0,0,0,0,0,0,0,0,0,0,0,1,36,43,19.257,10,0
file_049,0,0,0,1,0,0,0,0,0,0,0,0,0,1,14,4,2,0,2,2,1,1,1,2,0,0,0,0,0,0,1,2,6,17,25,2,0,0,0,0,0,0,0,0,0,0,0,0,0,5,29,37,59.431,36,0
file_050,0,0,0,0,0,0,0,0,0,0,0,0,0,0,8,7,2,0,2,2,2,1,1,3,0,0,0,3,2,0,1,4,9,10,15,2,0,0,0,0,0,0,0,0,0,0,0,0,0,5,116,209,29.304,29,0
file_051,2,0,1,0,0,0,0,0,0,0,0,0,2,0,3,3,0,0,0,1,2,0,1,0,0,0,0,0,0,0,1,0,1,4,3,0,0,0,0,0,0,0,0,0,0,0,0,1,1,1,10,10,8.304,8,1
file_052,2,0,1,0,0,0,0,0,0,0,0,0,1,0,1,0,0,0,0,1,2,0,1,0,0,0,0,0,0,0,1,0,1,2,0,0,0,0,0,0,0,0,0,0,0,0,0,0,0,1,9,9,11.985,2,1
file_053,0,0,0,0,0,0,0,0,0,0,0,0,0,1,2,1,2,0,2,2,1,0,1,0,0,0,0,2,0,0,1,0,1,3,3,0,0,0,0,0,0,0,0,0,0,0,0,0,0,3,21,21,61.743,6,0
file_054,0,0,0,0,0,0,0,0,0,0,0,0,0,0,7,7,0,0,2,2,2,1,1,3,0,0,0,0,2,0,1,2,7,9,12,2,0,0,0,0,0,0,0,0,0,0,0,0,0,6,76,142,15.494,24,0
file_055,2,0,1,0,0,0,0,0,0,0,0,0,1,0,2,0,0,0,0,1,2,0,1,0,0,0,0,0,0,0,1,0,1,3,0,0,0,0,0,0,0,0,0,0,0,0,0,0,0,1,9,9,13.054,3,1
file_056,0,0,0,0,0,0,0,0,0,0,0,0,0,2,4,2,4,0,2,2,1,0,1,0,0,0,0,0,0,0,1,0,1,5,5,0,0,0,0,0,0,0,0,0,0,0,0,0,0,4,24,24,186.868,10,0
file_057,0,0,0,1,0,0,0,0,0,0,0,0,0,1,11,4,2,0,2,2,1,1,1,2,0,0,0,0,0,0,1,2,6,14,18,2,0,0,0,0,0,0,0,0,0,0,0,0,0,3,26,34,84.873,28,0
file_058,0,0,0,0,0,0,0,0,0,0,0,0,0,0,17,0,0,0,2,2,2,0,1,0,0,0,0,0,0,0,1,0,1,18,21,0,0,0,0,0,0,0,0,0,0,0,0,0,0,1,76,76,60.194,17,0
file_059,0,0,0,1,0,0,0,0,0,0,0,0,0,1,13,4,2,0,2,2,1,1,1,2,0,0,0,0,0,0,1,2,6,16,18,2,0,0,0,0,0,0,0,0,0,0,0,0,0,3,28,36,100.576,32,0
file_060,2,0,1,0,0,0,0,0,0,0,0,0,1,0,2,2,0,0,0,1,2,0,1,0,0,0,0,0,0,0,1,0,1,3,3,0,0,1,0,0,0,2,0,0,0,0,2,0,1,1,9,9,9.746,9,1
file_061,0,0,0,0,0,0,0,0,0,0,0,0,0,1,2,1,2,0,2,2,1,0,1,0,0,0,0,0,0,0,1,0,1,3,3,0,0,0,0,0,0,0,0,0,0,0,0,0,0,3,21,21,63.927,5,0
file_062,2,0,1,0,0,0,0,0,0,0,0,0,2,0,3,3,0,0,0,1,2,0,1,0,0,0,0,0,0,0,1,0,1,4,2,0,0,0,0,0,0,0,0,0,0,0,0,1,1,1,10,10,17.418,7,1
file_063,2,0,1,0,0,0,0,0,0,0,0,0,2,0,3,3,0,0,0,1,2,0,1,0,0,0,0,0,0,0,1,0,1,4,5,0,0,1,0,0,0,0,0,0,0,0,0,0,1,1,11,11,8.155,9,1
file_064,2,0,1,0,0,0,0,0,0,0,0,0,1,0,2,0,0,0,0,1,2,0,1,0,0,0,0,0,0,0,1,0,1,3,3,0,0,0,0,0,0,0,0,0,0,0,2,0,1,1,9,9,9.636,6,1
file_065,0,0,0,0,0,0,0,0,0,0,0,0,0,0,3,3,2,0,2,2,1,1,1,0,0,0,0,0,0,0,1,0,1,4,5,0,0,0,0,0,0,0,0,0,0,0,0,0,0,1,12,15,32.886,5,0
file_066,0,0,0,0,0,0,0,0,0,0,0,0,0,0,3,0,0,0,2,2,2,1,1,0,0,0,0,0,0,0,1,0,1,4,6,0,0,0,0,0,0,0,0,0,0,0,0,0,0,1,24,24,26.396,3,0
file_067,0,0,0,0,0,0,0,0,0,0,0,0,0,1,2,1,2,0,2,2,1,0,1,0,0,0,0,0,0,0,1,0,1,3,3,0,0,0,0,0,0,0,0,0,0,0,0,0,0,3,21,21,83.314,5,0
file_068,2,0,0,0,0,0,0,0,0,0,0,0,0,0,1,1,0,0,2,1,1,0,1,0,0,0,0,0,0,0,1,0,1,2,3,0,0,0,0,0,0,0,0,0,0,0,0,0,0,1,12,12,3.016,1,1
file_069,2,0,1,0,0,0,0,0,0,0,0,0,0,0,3,3,0,0,0,1,1,0,1,0,0,0,0,0,0,0,1,0,1,4,6,0,0,0,0,0,0,0,0,0,0,0,2,0,0,1,18,18,4.531,7,1
file_070,2,0,1,0,0,0,0,0,0,0,0,0,2,0,3,3,0,0,0,1,2,0,1,0,0,0,0,0,0,0,1,0,1,4,3,0,0,0,0,0,0,0,0,0,0,0,0,1,1,1,10,10,8.279,8,1
file_071,0,0,0,1,0,0,0,0,0,0,0,0,0,1,4,4,2,0,2,2,1,1,1,2,0,0,0,0,0,0,1,2,6,6,8,2,0,0,0,0,0,0,0,0,0,0,0,0,0,3,17,25,162.644,12,0
file_072,2,0,1,0,0,0,0,0,0,0,0,0,1,0,2,2,0,0,0,1,2,0,1,0,0,0,0,0,0,0,1,0,1,3,3,0,0,1,0,0,0,2,0,0,0,0,2,0,1,1,9,9,9.498,9,1
file_073,2,0,1,0,0,0,0,0,0,0,0,0,2,0,3,3,0,0,0,1,2,0,1,0,0,0,0,0,0,0,1,0,1,4,3,0,0,0,0,0,0,0,0,0,0,0,0,1,1,1,10,10,8.421,8,1
file_074,2,0,1,0,0,0,0,0,0,0,0,0,1,0,1,0,0,0,0,1,2,0,1,0,0,0,0,0,0,0,1,0,1,2,0,0,0,0,0,0,0,0,0,0,0,0,2,0,1,1,9,9,12.263,4,1
file_075,2,0,1,0,0,0,0,0,0,0,0,0,2,0,3,3,0,0,0,1,2,0,1,0,0,0,0,0,0,0,1,0,1,4,3,0,0,0,0,0,0,0,0,0,0,0,0,1,1,1,10,10,8.248,8,1
file_076,0,0,0,0,0,0,0,0,0,0,0,0,0,0,3,3,0,0,2,2,1,1,1,2,0,0,0,0,0,0,2,2,9,5,7,2,0,0,0,0,0,0,0,0,0,0,0,0,0,4,21,30,11.257,13,0
file_077,2,0,1,0,0,0,0,0,0,0,0,0,1,0,1,0,0,0,0,1,2,0,1,0,0,0,0,0,0,0,1,0,1,2,0,0,0,0,0,0,0,0,0,0,0,0,2,0,1,1,9,9,12.386,4,1
file_078,0,0,0,1,0,0,0,0,0,0,0,0,0,1,14,4,2,0,2,2,1,1,1,2,0,0,0,0,0,0,1,2,6,17,22,2,0,0,0,0,0,0,0,0,0,0,0,0,0,4,29,37,91.287,35,0
file_079,2,0,1,0,0,0,0,0,0,0,0,0,2,0,3,3,0,0,0,1,2,0,1,0,0,0,0,0,0,0,1,0,1,4,5,0,0,1,0,0,0,0,0,0,0,0,0,0,1,1,11,11,8.221,9,1
file_080,2,0,1,0,0,0,0,0,0,0,0,0,2,0,3,3,0,0,0,1,2,0,1,0,0,0,0,0,0,0,1,0,1,4,6,0,0,0,0,0,0,0,0,0,0,0,0,1,1,1,10,10,8.618,9,1
file_081,3,0,0,0,0,0,0,0,0,0,0,0,0,0,2,2,0,0,0,1,2,0,1,2,0,0,0,0,0,0,1,0,1,3,5,0,0,1,0,0,0,2,0,0,0,0,2,1,0,3,0,0,2.124,12,1
file_082,2,0,1,0,0,0,0,0,0,0,0,0,2,0,3,3,0,0,0,1,2,0,1,0,0,0,0,0,0,0,1,0,1,4,3,0,0,0,0,0,0,0,0,0,0,0,0,1,1,1,10,10,15.658,8,1
file_083,2,0,1,0,0,0,0,0,0,0,0,0,2,0,3,3,0,0,0,1,2,0,1,0,0,0,0,0,0,0,1,0,1,4,4,0,0,0,0,0,0,0,0,0,0,0,0,1,1,1,10,10,8.112,9,1
file_084,0,0,0,1,0,0,0,0,0,0,0,0,0,1,19,5,2,0,2,2,1,1,1,2,0,0,0,0,0,0,1,2,6,22,26,2,0,0,0,0,0,0,0,0,0,0,0,0,0,4,34,42,85.104,44,0
file_085,2,0,1,0,0,0,0,0,0,0,0,0,1,0,2,2,0,0,0,1,2,0,1,0,0,0,0,0,0,0,1,0,1,3,3,0,0,1,0,0,0,2,0,0,0,0,2,0,1,1,9,9,9.265,9,1
file_086,0,0,0,1,0,0,0,0,0,0,0,0,0,1,17,4,2,0,2,2,1,1,1,2,0,0,0,0,0,0,1,2,6,20,25,2,0,0,0,0,0,0,0,0,0,0,0,0,0,4,32,40,93.809,41,0
file_087,2,0,1,0,0,0,0,0,0,0,0,0,1,0,1,0,0,0,0,1,2,0,1,0,0,0,0,0,0,0,1,0,1,2,0,0,0,0,0,0,0,0,0,0,0,0,0,0,0,1,9,9,12.054,2,1
file_088,2,0,1,0,0,0,0,0,0,0,0,0,2,0,3,3,0,0,0,1,2,0,1,0,0,0,0,0,0,0,1,0,1,4,3,0,0,0,0,0,0,0,0,0,0,0,0,1,1,1,10,10,16.273,8,1
file_089,2,0,1,0,0,0,0,0,0,0,0,0,2,0,3,3,0,0,0,1,2,0,1,0,0,0,0,0,0,0,1,0,1,4,5,0,0,1,0,0,0,0,0,0,0,0,0,0,1,1,11,11,8.076,9,1
file_090,2,0,1,0,0,0,0,0,0,0,0,0,2,0,3,3,0,0,0,1,2,0,1,0,0,0,0,0,0,0,1,0,1,4,3,0,0,0,0,0,0,0,0,0,0,0,0,1,1,1,10,10,17.583,8,1
file_091,0,0,0,1,0,0,0,0,0,0,0,0,0,1,10,5,2,0,2,2,1,1,1,2,0,0,0,0,0,0,1,2,6,13,18,2,0,0,0,0,0,0,0,0,0,0,0,0,0,3,25,33,87.881,25,0
file_092,2,0,1,0,0,0,0,0,0,0,0,0,2,0,3,3,0,0,0,1,2,0,1,0,0,0,0,0,0,0,1,0,1,4,5,0,0,0,0,0,0,0,0,0,0,0,0,1,1,1,10,10,8.083,9,1
file_093,2,0,1,0,0,0,0,0,0,0,0,0,2,0,3,3,0,0,0,1,2,0,1,0,0,0,0,0,0,0,1,0,1,4,3,0,0,0,0,0,0,0,0,0,0,0,0,1,1,1,10,10,17.245,8,1
file_094,0,0,0,0,0,0,0,0,0,0,0,0,0,0,3,3,2,0,2,2,1,1,1,0,0,0,0,0,0,0,1,0,1,4,6,0,0,0,0,0,0,0,0,0,0,0,0,0,0,1,12,15,32.094,5,0
file_095,0,0,0,0,0,0,0,0,0,0,0,0,0,0,81,0,0,0,2,2,2,0,1,0,0,0,0,0,0,0,1,0,1,82,61,0,0,0,0,0,0,0,0,0,0,0,0,0,0,1,275,275,288.627,81,0
file_096,0,0,0,1,0,0,0,0,0,0,0,0,0,1,12,4,2,0,2,2,1,1,1,2,0,0,0,0,0,0,1,2,6,15,22,2,0,0,0,0,0,0,0,0,0,0,0,0,0,3,27,35,81.391,30,0
file_097,0,0,0,0,0,0,0,0,0,0,0,0,0,0,3,3,2,0,2,2,1,1,1,0,0,0,0,0,0,0,1,0,1,4,5,0,0,0,0,0,0,0,0,0,0,0,0,0,0,1,12,15,27.05,5,0
file_098,0,0,0,1,0,0,0,0,0,0,0,0,0,1,20,4,2,0,2,2,1,1,1,2,0,0,0,0,0,0,1,2,6,23,28,2,0,0,0,0,0,0,0,0,0,0,0,0,0,4,35,43,92.362,47,0
file_099,0,0,0,1,0,0,0,0,0,0,0,0,0,1,10,4,2,0,2,2,1,1,1,2,0,0,0,0,0,0,1,2,6,13,17,2,0,0,0,0,0,0,0,0,0,0,0,0,0,3,25,33,69.741,26,0
file_100,2,0,1,0,0,0,0,0,0,0,0,0,1,0,1,0,0,0,0,1,2,0,1,0,0,0,0,0,0,0,1,0,1,2,0,0,0,0,0,0,0,0,0,0,0,0,0,0,0,1,9,9,12.249,2,1
file_101,0,0,0,0,0,0,0,0,0,0,0,0,0,1,13,7,6,0,2,2,1,1,1,2,0,0,0,0,0,0,2,2,6,19,30,2,0,0,0,0,0,0,0,0,0,0,0,0,0,6,41,72,110.953,41,0
file_102,0,0,0,0,0,0,0,0,0,0,0,0,0,0,11,1,0,0,2,2,2,1,1,0,0,0,0,0,0,0,1,0,1,12,5,0,0,0,0,0,0,0,0,0,0,0,0,0,0,1,39,45,19.948,11,0
file_103,0,0,0,0,0,0,0,0,0,0,0,0,0,0,2,0,0,0,2,2,2,1,1,0,0,0,0,0,0,0,1,0,1,3,5,0,0,0,0,0,0,0,0,0,0,0,0,0,0,1,22,22,20.476,2,0
file_104,2,0,1,0,0,0,0,0,0,0,0,0,2,0,3,3,0,0,0,1,2,0,1,0,0,0,0,0,0,0,1,0,1,4,4,0,0,0,0,0,0,0,0,0,0,0,0,1,1,1,10,10,8.125,9,1
file_105,0,0,0,0,0,0,0,0,0,0,0,0,0,0,3,2,2,0,2,2,1,1,1,0,0,0,0,0,0,0,1,0,1,4,5,0,0,0,0,0,0,0,0,0,0,0,0,0,0,1,12,15,29.236,4,0
file_106,0,0,0,0,0,0,0,0,0,0,0,0,0,1,2,1,2,0,2,2,1,0,1,0,0,0,0,0,0,0,1,0,1,3,3,0,0,0,0,0,0,0,0,0,0,0,0,0,0,3,21,21,80.821,5,0
file_107,2,0,1,0,0,0,0,0,0,0,0,0,2,0,3,3,0,0,0,1,2,0,1,0,0,0,0,0,0,0,1,0,1,4,3,0,0,0,0,0,0,0,0,0,0,0,0,1,1,1,10,10,19.42,8,1
file_108,0,0,0,0,0,0,0,0,0,0,0,0,0,0,7,7,0,0,2,2,2,1,1,3,0,0,0,0,2,0,1,2,7,9,14,2,0,0,0,0,0,0,0,0,0,0,0,0,0,5,83,152,18.509,23,0
file_109,3,0,0,0,0,0,0,0,0,0,0,0,0,0,1,1,0,0,0,1,1,0,1,2,0,0,0,0,0,0,1,0,1,2,2,0,0,0,0,0,0,0,0,0,0,0,0,0,0,1,0,0,3.927,2,1
file_110,0,0,0,0,0,0,0,0,0,0,0,0,0,1,2,1,2,0,2,2,1,0,1,0,0,0,0,0,0,0,1,0,1,3,3,0,0,0,0,0,0,0,0,0,0,0,0,0,0,3,21,21,77.541,5,0
file_111,2,0,1,0,0,0,0,0,0,0,0,0,2,0,3,3,0,0,0,1,2,0,1,0,0,0,0,0,0,0,1,0,1,4,6,0,0,0,0,0,0,0,0,0,0,0,0,1,1,1,10,10,7.973,9,1
file_112,3,0,0,0,0,0,0,0,0,0,0,0,0,0,1,1,0,0,0,1,1,0,1,2,0,0,0,0,0,0,1,0,1,2,2,0,0,0,0,0,0,0,0,0,0,0,0,0,0,1,0,0,5.36,2,1
file_113,0,0,0,1,0,0,0,0,0,0,0,0,0,1,22,4,2,0,2,2,1,1,1,2,0,0,0,0,0,0,1,2,6,25,32,2,0,0,0,0,0,0,0,0,0,0,0,0,0,4,37,45,82.327,51,0
file_114,0,0,0,0,0,0,0,0,0,0,0,0,0,0,11,11,0,0,2,2,3,1,1,3,0,0,0,5,3,0,2,4,9,13,23,2,0,0,0,0,0,0,0,0,0,0,0,0,0,5,125,241,33.121,40,0
file_115,0,0,0,0,0,0,0,0,0,0,0,0,0,0,3,3,2,0,2,2,1,1,1,0,0,0,0,0,0,0,1,0,1,4,6,0,0,0,0,0,0,0,0,0,0,0,0,0,0,1,12,15,27.533,5,0
file_116,2,0,1,0,0,0,0,0,0,0,0,0,2,0,3,3,0,0,0,1,2,0,1,0,0,0,0,0,0,0,1,0,1,4,4,0,0,1,0,0,0,0,0,0,0,0,0,0,1,1,11,11,8.232,9,1
file_117,2,0,1,0,0,0,0,0,0,0,0,0,2,0,3,3,0,0,0,1,2,0,1,0,0,0,0,0,0,0,1,0,1,4,3,0,0,0,0,0,0,0,0,0,0,0,0,1,1,1,10,10,15.65,8,1
file_118,2,0,1,0,0,0,0,0,0,0,0,0,2,0,3,3,0,0,0,1,2,0,1,0,0,0,0,0,0,0,1,0,1,4,3,0,0,0,0,0,0,0,0,0,0,0,0,1,1,1,10,10,15.577,8,1
file_119,0,0,0,0,0,0,0,0,0,0,0,0,0,1,2,1,2,0,2,2,1,0,1,0,0,0,0,0,0,0,1,0,1,3,3,0,0,0,0,0,0,0,0,0,0,0,0,0,0,3,21,21,81.716,5,0
file_120,2,0,1,0,0,0,0,0,0,0,0,0,1,0,2,0,0,0,0,1,2,0,1,0,0,0,0,0,0,0,1,0,1,3,3,0,0,0,0,0,0,0,0,0,0,0,2,0,1,1,9,9,9.17,6,1
file_121,2,0,1,0,0,0,0,0,0,0,0,0,1,0,2,2,0,0,0,1,2,0,1,0,0,0,0,0,0,0,1,0,1,3,3,0,0,1,0,0,0,2,0,0,0,0,2,0,1,1,9,9,9.079,9,1
file_122,2,0,1,0,0,0,0,0,0,0,0,0,2,0,3,3,0,0,0,1,2,0,1,0,0,0,0,0,0,0,1,0,1,4,3,0,0,0,0,0,0,0,0,0,0,0,0,1,1,1,10,10,8.106,8,1
file_123,0,0,0,0,0,0,0,0,0,0,0,0,0,0,7,7,0,0,2,2,1,1,1,3,0,0,0,0,2,0,1,2,7,9,13,2,0,0,0,0,0,0,0,0,0,0,0,0,0,7,59,108,15.206,24,0
file_124,2,0,1,0,0,0,0,0,0,0,0,0,2,0,3,3,0,0,0,1,2,0,1,0,0,0,0,0,0,0,1,0,1,4,2,0,0,0,0,0,0,0,0,0,0,0,0,1,1,1,10,10,17.529,7,1
file_125,2,0,1,0,0,0,0,0,0,0,0,0,1,0,2,2,0,0,0,1,2,0,1,0,0,0,0,0,0,0,1,0,1,3,3,0,0,1,0,0,0,2,0,0,0,0,2,0,1,1,9,9,9.156,9,1
file_126,2,0,1,0,0,0,0,0,0,0,0,0,2,0,3,3,0,0,0,1,2,0,1,0,0,0,0,0,0,0,1,0,1,4,6,0,0,0,0,0,0,0,0,0,0,0,0,1,1,1,10,10,8.401,9,1
file_127,0,0,0,0,0,0,0,0,0,0,0,0,0,1,3,3,0,0,2,2,1,1,1,0,0,0,0,0,0,0,1,2,1,4,7,0,0,0,0,0,0,0,0,0,0,0,0,0,0,3,306,306,198.533,8,0
file_128,0,0,0,0,0,0,0,0,0,0,0,0,0,0,3,2,2,0,2,2,1,1,1,2,0,0,0,0,0,0,1,2,7,5,7,2,0,0,0,0,0,0,0,0,0,0,0,0,0,3,13,17,22.337,11,0
file_129,3,0,0,0,0,0,0,0,0,0,0,0,0,0,2,2,0,0,0,2,1,0,1,2,0,0,0,0,0,0,1,0,1,3,4,0,0,1,0,0,0,2,0,0,0,0,2,0,0,1,0,0,1.977,8,1
file_130,0,0,0,0,0,0,0,0,0,0,0,0,0,1,2,1,2,0,2,2,1,0,1,0,0,0,0,0,0,0,1,0,1,3,3,0,0,0,0,0,0,0,0,0,0,0,0,0,0,3,21,21,83.033,5,0
file_131,2,0,1,0,0,0,0,0,0,0,0,0,2,0,3,3,0,0,0,1,2,0,1,0,0,0,0,0,0,0,1,0,1,4,5,0,0,0,0,0,0,0,0,0,0,0,0,1,1,1,10,10,8.397,9,1
file_132,0,0,0,0,0,0,0,0,0,0,0,0,0,1,2,1,2,0,2,2,1,0,1,0,0,0,0,0,0,0,1,0,1,3,3,0,0,0,0,0,0,0,0,0,0,0,0,0,0,3,21,21,84.692,5,0
file_133,2,0,1,0,0,0,0,0,0,0,0,0,2,0,3,3,0,0,0,1,2,0,1,0,0,0,0,0,0,0,1,0,1,4,4,0,0,0,0,0,0,0,0,0,0,0,0,1,1,1,10,10,7.857,9,1
file_134,0,0,0,0,0,0,0,0,0,0,0,0,0,0,3,2,2,0,2,2,1,1,1,0,0,0,0,0,0,0,1,0,1,4,3,0,0,0,0,0,0,0,0,0,0,0,0,0,0,1,12,15,19.453,3,0
file_135,2,0,1,0,0,0,0,0,0,0,0,0,2,0,3,3,0,0,0,1,2,0,1,0,0,0,0,0,0,0,1,0,1,4,3,0,0,0,0,0,0,0,0,0,0,0,0,1,1,1,10,10,17.326,8,1
file_136,2,0,1,0,0,0,0,0,0,0,0,0,0,0,1,1,0,0,0,1,1,0,1,0,0,0,0,0,0,0,1,0,1,2,3,0,0,0,0,0,0,2,0,0,0,0,0,1,0,1,3,3,2.137,4,1
file_137,2,0,1,0,0,0,0,0,0,0,0,0,2,0,3,3,0,0,0,1,2,0,1,0,0,0,0,0,0,0,1,0,1,4,3,0,0,0,0,0,0,0,0,0,0,0,0,1,1,1,10,10,16.195,8,1
file_138,2,0,1,0,0,0,0,0,0,0,0,0,2,0,3,3,0,0,0,1,2,0,1,0,0,0,0,0,0,0,1,0,1,4,3,0,0,0,0,0,0,0,0,0,0,0,0,1,1,1,10,10,14.94,8,1
file_139,0,0,0,0,0,0,0,0,0,0,0,0,0,1,2,1,2,0,2,2,1,0,1,0,0,0,0,0,0,0,1,0,1,3,3,0,0,0,0,0,0,0,0,0,0,0,0,0,0,3,21,21,80.125,5,0
file_140,2,0,1,0,0,0,0,0,0,0,0,0,2,0,3,3,0,0,0,1,2,0,1,0,0,0,0,0,0,0,1,0,1,4,3,0,0,0,0,0,0,0,0,0,0,0,0,1,1,1,10,10,15.822,8,1
file_141,2,0,1,0,0,0,0,0,0,0,0,0,1,0,2,2,0,0,0,1,2,0,1,0,0,0,0,0,0,0,1,0,1,3,3,0,0,0,0,0,0,0,0,0,0,0,2,0,1,1,9,9,9.985,6,1
file_142,2,0,1,0,0,0,0,0,0,0,0,0,2,0,3,3,0,0,0,1,2,0,1,0,0,0,0,0,0,0,1,0,1,4,3,0,0,0,0,0,0,0,0,0,0,0,0,1,1,1,10,10,8.321,8,1
file_143,3,0,0,0,0,0,0,0,0,0,0,0,0,0,2,2,0,0,0,1,2,0,1,2,0,0,0,0,0,0,1,0,1,3,5,0,0,1,0,0,0,2,0,0,0,0,2,1,0,3,0,0,2.112,12,1
file_144,0,0,0,1,0,0,0,0,0,0,0,0,0,1,8,4,2,0,2,2,1,1,1,2,0,0,0,0,0,0,1,2,6,11,17,2,0,0,0,0,0,0,0,0,0,0,0,0,0,3,23,31,83.397,22,0
file_145,0,0,0,1,0,0,0,0,0,0,0,0,0,1,13,4,2,0,2,2,1,1,1,2,0,0,0,0,0,0,1,2,6,16,22,2,0,0,0,0,0,0,0,0,0,0,0,0,0,4,28,36,87.295,34,0
file_146,2,0,1,0,0,0,0,0,0,0,0,0,2,0,3,3,0,0,0,1,2,0,1,0,0,0,0,0,0,0,1,0,1,4,3,0,0,0,0,0,0,0,0,0,0,0,0,1,1,1,10,10,8.398,8,1
file_147,2,0,1,0,0,0,0,0,0,0,0,0,2,0,3,3,0,0,0,1,2,0,1,0,0,0,0,0,0,0,1,0,1,4,5,0,0,1,0,0,0,0,0,0,0,0,0,0,1,1,11,11,8.042,9,1
file_148,2,0,1,0,0,0,0,0,0,0,0,0,2,0,3,3,0,0,0,1,2,0,1,0,0,0,0,0,0,0,1,0,1,4,4,0,0,0,0,0,0,0,0,0,0,0,0,1,1,1,10,10,8.065,9,1
file_149,2,0,1,0,0,0,0,0,0,0,0,0,1,0,2,2,0,0,0,1,2,0,1,0,0,0,0,0,0,0,1,0,1,3,0,0,0,0,0,0,0,0,0,0,0,0,0,1,1,1,0,0,4.147,5,1
file_150,0,0,0,1,0,0,0,0,0,0,0,0,0,1,22,4,2,0,2,2,1,1,1,2,0,0,0,0,0,0,1,2,6,25,31,2,0,0,0,0,0,0,0,0,0,0,0,0,0,4,37,45,87.89,52,0
file_151,0,0,0,0,0,0,0,0,0,0,0,0,0,0,14,14,0,0,2,2,4,1,1,3,0,0,0,2,2,0,1,2,9,16,20,2,0,0,0,0,0,0,0,0,0,0,0,0,0,10,88,153,22.782,45,0
file_152,2,0,1,0,0,0,0,0,0,0,0,0,1,0,2,0,0,0,0,1,1,0,1,0,0,0,0,0,0,0,1,0,1,3,3,0,0,0,0,0,0,0,0,0,0,0,0,0,0,1,9,9,12.547,4,1
file_153,0,0,0,1,0,0,0,0,0,0,0,0,0,1,11,5,2,0,2,2,1,1,1,2,0,0,0,0,0,0,1,2,6,14,18,2,0,0,0,0,0,0,0,0,0,0,0,0,0,3,26,34,102.998,27,0
file_154,0,0,0,0,0,0,0,0,0,0,0,0,0,0,3,3,2,0,2,2,1,1,1,0,0,0,0,0,0,0,1,0,1,4,5,0,0,0,0,0,0,0,0,0,0,0,0,0,0,1,12,15,37.103,4,0
file_155,2,0,1,0,0,0,0,0,0,0,0,0,2,0,3,3,0,0,0,1,2,0,1,0,0,0,0,0,0,0,1,0,1,4,3,0,0,0,0,0,0,0,0,0,0,0,0,1,1,1,10,10,16.466,8,1
file_156,2,0,1,0,0,0,0,0,0,0,0,0,2,0,3,3,0,0,0,1,2,0,1,0,0,0,0,0,0,0,1,0,1,4,4,0,0,0,0,0,0,0,0,0,0,0,0,1,1,1,10,10,8.117,9,1
file_157,0,0,0,0,0,0,0,0,0,0,0,0,0,2,4,2,4,0,2,2,1,0,1,0,0,0,0,0,0,0,1,0,1,5,5,0,0,0,0,0,0,0,0,0,0,0,0,0,0,4,24,24,110.917,10,0
file_158,0,0,0,0,0,0,0,0,0,0,0,0,0,0,3,3,2,0,2,2,1,1,1,0,0,0,0,0,0,0,1,0,1,4,6,0,0,0,0,0,0,0,0,0,0,0,0,0,0,1,12,15,23.119,5,0
file_159,0,0,0,0,0,0,0,0,0,0,0,0,0,1,2,1,2,0,2,2,1,0,1,0,0,0,0,0,0,0,1,0,1,3,3,0,0,0,0,0,0,0,0,0,0,0,0,0,0,3,21,21,74.93,5,0
file_160,0,0,0,0,0,0,0,0,0,0,0,0,0,0,9,1,0,0,2,2,2,1,1,0,0,0,0,0,0,0,1,0,1,10,3,0,0,0,0,0,0,0,0,0,0,0,0,0,0,1,32,35,13.626,9,0
file_161,2,0,1,0,0,0,0,0,0,0,0,0,1,0,2,2,0,0,0,1,2,0,1,0,0,0,0,0,0,0,1,0,1,3,3,0,0,1,0,0,0,2,0,0,0,0,2,0,1,1,9,9,9.832,9,1
file_162,0,0,0,1,0,0,0,0,0,0,0,0,0,1,10,4,2,0,2,2,1,1,1,2,0,0,0,0,0,0,1,2,6,13,16,2,0,0,0,0,0,0,0,0,0,0,0,0,0,3,25,33,61.993,26,0
file_163,0,0,0,0,0,0,0,0,0,0,0,0,0,1,2,1,2,0,2,2,1,0,1,0,0,0,0,0,0,0,1,0,1,3,3,0,0,0,0,0,0,0,0,0,0,0,0,0,0,3,21,21,78.307,5,0
file_164,0,0,0,0,0,0,0,0,0,0,0,0,0,0,3,2,2,0,2,2,1,1,1,2,0,0,0,0,0,0,1,2,7,5,7,2,0,0,0,0,0,0,0,0,0,0,0,0,0,4,13,17,17.595,12,0
file_165,0,0,0,0,0,0,0,0,0,0,0,0,0,0,3,2,2,0,2,2,1,1,1,0,0,0,0,0,0,0,1,0,1,4,4,0,0,0,0,0,0,0,0,0,0,0,0,0,0,1,12,15,31.54,3,0
file_166,2,0,1,0,0,0,0,0,0,0,0,0,2,0,3,3,0,0,0,1,2,0,1,0,0,0,0,0,0,0,1,0,1,4,3,0,0,0,0,0,0,0,0,0,0,0,0,1,1,1,10,10,15.065,8,1
file_167,0,0,0,1,0,0,0,0,0,0,0,0,0,1,35,7,5,0,2,2,1,1,1,2,0,0,0,0,0,0,1,2,6,41,55,2,0,0,0,0,0,0,0,0,0,0,0,0,0,5,56,93,130.172,83,0
file_168,0,0,0,1,0,0,0,0,0,0,0,0,0,1,15,6,2,0,2,2,1,1,1,2,0,0,0,0,0,0,1,2,6,18,27,2,0,0,0,0,0,0,0,0,0,0,0,0,0,3,30,38,102.969,35,0
file_169,0,0,0,1,0,0,0,0,0,0,0,0,0,2,38,6,2,0,2,2,1,1,1,2,0,0,0,0,0,0,1,2,6,41,62,2,0,0,0,0,0,0,0,0,0,0,0,0,0,7,53,61,154.744,86,0
file_170,2,0,1,0,0,0,0,0,0,0,0,0,2,0,3,3,0,0,0,1,2,0,1,0,0,0,0,0,0,0,1,0,1,4,3,0,0,0,0,0,0,0,0,0,0,0,0,1,1,1,10,10,15.356,8,1
file_171,2,0,1,0,0,0,0,0,0,0,0,0,2,0,3,3,0,0,0,1,2,0,1,0,0,0,0,0,0,0,1,0,1,4,3,0,0,0,0,0,0,0,0,0,0,0,0,1,1,1,10,10,15.745,8,1
file_172,0,0,0,1,0,0,0,0,0,0,0,0,0,1,14,4,2,0,2,2,1,1,1,2,0,0,0,0,0,0,1,2,6,17,25,2,0,0,0,0,0,0,0,0,0,0,0,0,0,4,29,37,89.478,35,0
file_173,0,0,0,0,0,0,0,0,0,0,0,0,0,0,3,2,2,0,2,2,1,1,1,0,0,0,0,0,0,0,1,0,1,4,5,0,0,0,0,0,0,0,0,0,0,0,0,0,0,1,12,15,30.361,4,0
file_174,0,0,0,1,0,0,0,0,0,0,0,0,0,1,6,4,2,0,2,2,1,1,1,2,0,0,0,0,0,0,1,2,6,9,14,2,0,0,0,0,0,0,0,0,0,0,0,0,0,3,21,29,73.034,19,0
file_175,0,0,0,0,0,0,0,0,0,0,0,0,0,1,2,1,2,0,2,2,1,0,1,0,0,0,0,0,0,0,1,0,1,3,3,0,0,0,0,0,0,0,0,0,0,0,0,0,0,3,21,21,92.819,5,0
file_176,0,0,0,0,0,0,0,0,0,0,0,0,0,2,6,6,0,0,2,2,1,1,1,0,0,0,0,2,4,0,1,3,1,7,10,0,0,0,0,0,2,0,0,0,0,0,0,0,0,4,37,74,132.499,21,0
file_177,0,0,0,0,0,0,0,0,0,0,0,0,0,0,3,2,2,0,2,2,1,1,1,2,0,0,0,0,0,0,1,2,7,5,7,2,0,0,0,0,0,0,0,0,0,0,0,0,0,3,13,17,17.255,11,0
file_178,0,0,0,1,0,0,0,0,0,0,0,0,0,1,11,4,2,0,2,2,1,1,1,2,0,0,0,0,0,0,1,2,6,14,19,2,0,0,0,0,0,0,0,0,0,0,0,0,0,3,26,34,86.736,28,0
file_179,2,0,1,0,0,0,0,0,0,0,0,0,1,0,2,2,0,0,0,1,2,0,1,0,0,0,0,0,0,0,1,0,1,3,3,0,0,1,0,0,0,2,0,0,0,0,2,0,1,1,9,9,9.637,9,1
file_180,0,0,0,0,0,0,0,0,0,0,0,0,0,1,2,1,2,0,2,2,1,0,1,0,0,0,0,0,0,0,1,0,1,3,3,0,0,0,0,0,0,0,0,0,0,0,0,0,0,3,21,21,79.292,5,0
file_181,0,0,0,0,0,0,0,0,0,0,0,0,0,0,3,3,2,0,2,2,1,1,1,0,0,0,0,0,0,0,1,0,1,4,6,0,0,0,0,0,0,0,0,0,0,0,0,0,0,1,12,15,30.295,5,0
file_182,2,0,1,0,0,0,0,0,0,0,0,0,1,0,2,2,0,0,0,1,2,0,1,0,0,0,0,0,0,0,1,0,1,3,3,0,0,1,0,0,0,2,0,0,0,0,2,0,1,1,9,9,9.948,9,1
file_183,2,0,1,0,0,0,0,0,0,0,0,0,1,0,2,0,0,0,0,1,2,0,1,0,0,0,0,0,0,0,1,0,1,3,0,0,0,0,0,0,0,0,0,0,0,0,0,0,0,1,9,9,13.286,3,1
file_184,0,0,0,0,0,0,0,0,0,0,0,0,0,1,2,1,2,0,2,2,1,0,1,0,0,0,0,0,0,0,1,0,1,3,3,0,0,0,0,0,0,0,0,0,0,0,0,0,0,3,21,21,76.414,5,0
file_185,2,0,1,0,0,0,0,0,0,0,0,0,1,0,1,0,0,0,0,1,2,0,1,0,0,0,0,0,0,0,1,0,1,2,0,0,0,0,0,0,0,0,0,0,0,0,0,0,0,1,9,9,12.313,2,1
file_186,0,0,0,1,0,0,0,0,0,0,0,0,0,1,12,4,2,0,2,2,1,1,1,2,0,0,0,0,0,0,1,2,6,15,20,2,0,0,0,0,0,0,0,0,0,0,0,0,0,3,27,35,83.254,30,0
file_187,0,0,0,1,0,0,0,0,0,0,0,0,0,1,13,6,2,0,2,2,1,1,1,2,0,0,0,0,0,0,1,2,6,16,19,2,0,0,0,0,0,0,0,0,0,0,0,0,0,3,28,36,103.883,31,0
file_188,2,0,1,0,0,0,0,0,0,0,0,0,2,0,3,3,0,0,0,1,2,0,1,0,0,0,0,0,0,0,1,0,1,4,3,0,0,0,0,0,0,0,0,0,0,0,0,1,1,1,10,10,8.186,8,1
file_189,2,0,1,0,0,0,0,0,0,0,0,0,2,0,3,3,0,0,0,1,2,0,1,0,0,0,0,0,0,0,1,0,1,4,3,0,0,0,0,0,0,0,0,0,0,0,0,1,1,1,10,10,15.935,8,1
file_190,0,0,0,1,0,0,0,0,0,0,0,0,0,1,12,4,2,0,2,2,1,1,1,2,0,0,0,0,0,0,1,2,6,15,21,2,0,0,0,0,0,0,0,0,0,0,0,0,0,3,27,35,93.229,30,0
file_191,2,0,1,0,0,0,0,0,0,0,0,0,2,0,3,3,0,0,0,1,2,0,1,0,0,0,0,0,0,0,1,0,1,4,3,0,0,0,0,0,0,0,0,0,0,0,0,1,1,1,10,10,15.639,8,1
file_192,2,0,1,0,0,0,0,0,0,0,0,0,1,0,2,2,0,0,0,1,2,0,1,0,0,0,0,0,0,0,1,0,1,3,3,0,0,1,0,0,0,2,0,0,0,0,2,0,1,1,9,9,9.489,9,1
file_193,2,0,1,0,0,0,0,0,0,0,0,0,2,0,3,3,0,0,0,1,2,0,1,0,0,0,0,0,0,0,1,0,1,4,3,0,0,0,0,0,0,0,0,0,0,0,0,1,1,1,10,10,17.353,8,1
file_194,0,0,0,0,0,0,0,0,0,0,0,0,0,0,2,0,0,0,2,2,2,1,1,0,0,0,0,0,0,0,1,0,1,3,5,0,0,0,0,0,0,0,0,0,0,0,0,0,0,1,22,22,22.466,2,0
file_195,0,0,0,0,0,0,0,0,0,0,0,0,0,1,2,1,2,0,2,2,1,0,1,0,0,0,0,0,0,0,1,0,1,3,3,0,0,0,0,0,0,0,0,0,0,0,0,0,0,3,21,21,71.459,5,0
file_196,0,0,0,1,0,0,0,0,0,0,0,0,0,1,18,5,2,0,2,2,1,1,1,2,0,0,0,0,0,0,1,2,6,21,31,2,0,0,0,0,0,0,0,0,0,0,0,0,0,4,33,41,84.453,43,0
file_197,2,0,1,0,0,0,0,0,0,0,0,0,2,0,3,3,0,0,0,1,2,0,1,0,0,0,0,0,0,0,1,0,1,4,3,0,0,0,0,0,0,0,0,0,0,0,0,1,1,1,10,10,8.263,8,1
file_198,0,0,0,0,0,0,0,0,0,0,0,0,0,1,2,1,2,0,2,2,1,0,1,0,0,0,0,0,0,0,1,0,1,3,3,0,0,0,0,0,0,0,0,0,0,0,0,0,0,3,21,21,87.508,5,0
file_199,0,0,0,0,0,0,0,0,0,0,0,0,0,1,2,1,2,0,2,2,1,0,1,0,0,0,0,0,0,0,1,0,1,3,3,0,0,0,0,0,0,0,0,0,0,0,0,0,0,3,21,21,78.145,5,0
file_200,2,0,1,0,0,0,0,0,0,0,0,0,2,0,3,3,0,0,0,1,2,0,1,0,0,0,0,0,0,0,1,0,1,4,3,0,0,0,0,0,0,0,0,0,0,0,0,1,1,1,10,10,15.528,8,1
file_201,0,0,0,0,0,0,0,0,0,0,0,0,0,0,3,3,2,0,2,2,1,1,1,0,0,0,0,0,0,0,1,0,1,4,5,0,0,0,0,0,0,0,0,0,0,0,0,0,0,1,12,15,31.742,4,0
file_202,2,0,1,0,0,0,0,0,0,0,0,0,2,0,3,3,0,0,0,1,2,0,1,0,0,0,0,0,0,0,1,0,1,4,3,0,0,0,0,0,0,0,0,0,0,0,0,1,1,1,10,10,16.884,8,1
file_203,0,0,0,0,0,0,0,0,0,0,0,0,0,0,3,3,2,0,2,2,1,1,1,0,0,0,0,0,0,0,1,0,1,4,6,0,0,0,0,0,0,0,0,0,0,0,0,0,0,1,12,15,27.327,5,0
file_204,2,0,1,0,0,0,0,0,0,0,0,0,2,0,3,3,0,0,0,1,2,0,1,0,0,0,0,0,0,0,1,0,1,4,6,0,0,0,0,0,0,0,0,0,0,0,0,1,1,1,10,10,8.024,9,1
file_205,0,0,0,0,0,0,0,0,0,0,0,0,0,0,3,3,2,0,2,2,1,1,1,0,0,0,0,0,0,0,1,0,1,4,5,0,0,0,0,0,0,0,0,0,0,0,0,0,0,1,12,15,27.989,4,0
file_206,2,0,1,0,0,0,0,0,0,0,0,0,1,0,2,2,0,0,0,1,2,0,1,0,0,0,0,0,0,0,1,0,1,3,3,0,0,1,0,0,0,2,0,0,0,0,2,0,1,1,9,9,9.606,9,1
file_207,2,0,1,0,0,0,0,0,0,0,0,0,2,0,3,3,0,0,0,1,2,0,1,0,0,0,0,0,0,0,1,0,1,4,3,0,0,0,0,0,0,0,0,0,0,0,0,1,1,1,10,10,16.925,8,1
file_208,0,0,0,0,0,0,0,0,0,0,0,0,0,1,2,1,2,0,2,2,1,0,1,0,0,0,0,0,0,0,1,0,1,4,7,0,0,0,0,0,0,0,0,0,0,0,0,0,0,5,9,9,26.436,9,0
file_209,2,0,1,0,0,0,0,0,0,0,0,0,2,0,3,3,0,0,0,1,2,0,1,0,0,0,0,0,0,0,1,0,1,4,3,0,0,0,0,0,0,0,0,0,0,0,0,1,1,1,10,10,15.472,8,1
file_210,2,0,1,0,0,0,0,0,0,0,0,0,2,0,3,3,0,0,0,1,2,0,1,0,0,0,0,0,0,0,1,0,1,4,4,0,0,0,0,0,0,0,0,0,0,0,0,1,1,1,10,10,8.011,9,1
file_211,0,0,0,1,0,0,0,0,0,0,0,0,0,1,21,5,2,0,2,2,1,1,1,2,0,0,0,0,0,0,1,2,6,24,32,2,0,0,0,0,0,0,0,0,0,0,0,0,0,3,36,44,95.226,48,0
file_212,2,0,1,0,0,0,0,0,0,0,0,0,1,0,1,0,0,0,0,1,2,0,1,0,0,0,0,0,0,0,1,0,1,2,0,0,0,0,0,0,0,0,0,0,0,0,2,0,1,1,9,9,11.93,4,1
file_213,0,0,0,1,0,0,0,0,0,0,0,0,0,1,10,4,2,0,2,2,1,1,1,2,0,0,0,0,0,0,1,2,6,13,20,2,0,0,0,0,0,0,0,0,0,0,0,0,0,4,24,31,79.193,28,0
file_214,0,0,0,0,0,0,0,0,0,0,0,0,0,0,3,2,2,0,2,2,1,1,1,2,0,0,0,0,0,0,1,2,7,5,7,2,0,0,0,0,0,0,0,0,0,0,0,0,0,4,13,17,52.529,12,0
file_215,0,0,0,0,0,0,0,0,0,0,0,0,0,1,2,1,2,0,2,2,1,0,1,0,0,0,0,0,0,0,1,0,1,3,3,0,0,0,0,0,1,0,0,0,0,0,0,0,0,3,21,21,110.874,6,0
file_216,0,0,0,1,0,0,0,0,0,0,0,0,0,1,8,4,2,0,2,2,1,1,1,2,0,0,0,0,0,0,1,2,6,11,15,2,0,0,0,0,0,0,0,0,0,0,0,0,0,3,23,31,80.708,23,0
file_217,2,0,1,0,0,0,0,0,0,0,0,0,2,0,3,3,0,0,0,1,2,0,1,0,0,0,0,0,0,0,1,0,1,4,2,0,0,0,0,0,0,0,0,0,0,0,0,1,1,1,10,10,17.876,7,1
file_218,2,0,1,0,0,0,0,0,0,0,0,0,2,0,3,3,0,0,0,1,2,0,1,0,0,0,0,0,0,0,1,0,1,4,3,0,0,0,0,0,0,0,0,0,0,0,0,1,1,1,10,10,8.222,8,1
file_219,2,0,1,0,0,0,0,0,0,0,0,0,1,0,2,2,0,0,0,1,2,0,1,0,0,0,0,0,0,0,1,0,1,3,3,0,0,1,0,0,0,2,0,0,0,0,2,0,1,1,9,9,9.414,9,1
file_220,0,0,0,0,0,0,0,0,0,0,0,0,0,1,2,1,2,0,2,2,1,0,1,0,0,0,0,0,0,0,1,0,1,3,3,0,0,0,0,0,0,0,0,0,0,0,0,0,0,3,21,21,74.733,5,0
file_221,0,0,0,1,0,0,0,0,0,0,0,0,0,1,30,5,2,0,2,2,1,1,1,2,0,0,0,0,0,0,1,2,6,33,43,2,0,0,0,0,0,0,0,0,0,0,0,0,0,4,45,53,108.905,67,0
file_222,2,0,1,0,0,0,0,0,0,0,0,0,2,0,3,3,0,0,0,1,2,0,1,0,0,0,0,0,0,0,1,0,1,4,3,0,0,0,0,0,0,0,0,0,0,0,0,1,1,1,10,10,17.315,8,1
file_223,2,0,1,0,0,0,0,0,0,0,0,0,1,0,2,2,0,0,0,1,2,0,1,0,0,0,0,0,0,0,1,0,1,3,3,0,0,1,0,0,0,2,0,0,0,0,2,0,1,1,9,9,9.424,9,1
file_224,0,0,0,1,0,0,0,0,0,0,0,0,0,1,12,4,2,0,2,2,1,1,1,2,0,0,0,0,0,0,1,2,6,15,20,2,0,0,0,0,0,0,0,0,0,0,0,0,0,3,27,35,81.882,30,0
file_225,2,0,1,0,0,0,0,0,0,0,0,0,2,0,3,3,0,0,0,1,2,0,1,0,0,0,0,0,0,0,1,0,1,4,6,0,0,0,0,0,0,0,0,0,0,0,0,1,1,1,10,10,7.804,9,1
file_226,2,0,1,0,0,0,0,0,0,0,0,0,2,0,3,3,0,0,0,1,2,0,1,0,0,0,0,0,0,0,1,0,1,4,3,0,0,0,0,0,0,0,0,0,0,0,0,1,1,1,10,10,15.498,8,1
file_227,2,0,1,0,0,0,0,0,0,0,0,0,2,0,3,3,0,0,0,1,2,0,1,0,0,0,0,0,0,0,1,0,1,4,4,0,0,1,0,0,0,0,0,0,0,0,0,0,1,1,11,11,8.221,9,1
file_228,2,0,1,0,0,0,0,0,0,0,0,0,2,0,3,3,0,0,0,1,2,0,1,0,0,0,0,0,0,0,1,0,1,4,5,0,0,0,0,0,0,0,0,0,0,0,0,1,1,1,10,10,8.171,9,1
file_229,2,0,1,0,0,0,0,0,0,0,0,0,2,0,3,3,0,0,0,1,2,0,1,0,0,0,0,0,0,0,1,0,1,4,3,0,0,0,0,0,0,0,0,0,0,0,0,1,1,1,10,10,16.774,8,1
file_230,2,0,1,0,0,0,0,0,0,0,0,0,2,0,3,3,0,0,0,1,2,0,1,0,0,0,0,0,0,0,1,0,1,4,3,0,0,0,0,0,0,0,0,0,0,0,0,1,1,1,10,10,8.338,8,1
file_231,2,0,1,0,0,0,0,0,0,0,0,0,0,0,3,3,0,0,0,1,1,0,1,0,0,0,0,0,0,0,1,0,1,4,5,0,0,0,0,0,0,0,0,0,0,0,2,0,0,1,18,18,5.124,6,1
file_232,2,0,1,0,0,0,0,0,0,0,0,0,2,0,3,3,0,0,0,1,2,0,1,0,0,0,0,0,0,0,1,0,1,4,3,0,0,0,0,0,0,0,0,0,0,0,0,1,1,1,10,10,16.847,8,1
file_233,0,0,0,0,0,0,0,0,0,0,0,0,0,1,2,1,2,0,2,2,1,0,1,0,0,0,0,0,0,0,1,0,1,3,3,0,0,0,0,0,0,0,0,0,0,0,0,0,0,3,21,21,82.023,5,0
file_234,0,0,0,0,0,0,0,0,0,0,0,0,0,0,3,3,2,0,2,2,1,1,1,0,0,0,0,0,0,0,1,0,1,4,5,0,0,0,0,0,0,0,0,0,0,0,0,0,0,1,12,15,29.82,5,0
file_235,2,0,1,0,0,0,0,0,0,0,0,0,1,0,1,0,0,0,0,1,2,0,1,0,0,0,0,0,0,0,1,0,1,2,0,0,0,0,0,0,0,0,0,0,0,0,2,0,1,1,9,9,12.261,4,1
file_236,2,0,1,0,0,0,0,0,0,0,0,0,2,0,3,3,0,0,0,1,2,0,1,0,0,0,0,0,0,0,1,0,1,4,3,0,0,0,0,0,0,0,0,0,0,0,0,1,1,1,10,10,17.256,8,1
file_237,2,0,1,0,0,0,0,0,0,0,0,0,2,0,3,3,0,0,0,1,2,0,1,0,0,0,0,0,0,0,1,0,1,4,4,0,0,1,0,0,0,0,0,0,0,0,0,0,1,1,11,11,8.388,9,1
file_238,0,0,0,0,0,0,0,0,0,0,0,0,0,1,2,1,2,0,2,2,1,0,1,0,0,0,0,0,0,0,1,0,1,3,3,0,0,0,0,0,0,0,0,0,0,0,0,0,0,3,21,21,104.938,5,0
file_239,0,0,0,1,0,0,0,0,0,0,0,0,0,1,14,4,2,0,2,2,1,1,1,2,0,0,0,0,0,0,1,2,6,17,23,2,0,0,0,0,0,0,0,0,0,0,0,0,0,4,29,37,79.131,35,0
file_240,0,0,0,0,0,0,0,0,0,0,0,0,0,1,2,1,2,0,2,2,1,0,1,0,0,0,0,0,0,0,1,0,1,3,3,0,0,0,0,0,0,0,0,0,0,0,0,0,0,3,21,21,88.75,5,0
file_241,0,0,0,0,0,0,0,0,0,0,0,0,0,0,9,9,0,0,2,2,1,1,1,3,0,0,0,2,0,0,1,4,10,12,21,3,0,0,0,0,0,0,0,0,0,0,0,0,0,4,44,44,77.29,31,0
file_242,0,0,0,0,0,0,0,0,0,0,0,0,0,1,2,1,2,0,2,2,1,0,1,0,0,0,0,0,0,0,1,0,1,3,3,0,0,0,0,0,0,0,0,0,0,0,0,0,0,3,21,21,75.765,5,0
file_243,2,0,1,0,0,0,0,0,0,0,0,0,1,0,2,2,0,0,0,1,2,0,1,0,0,0,0,0,0,0,1,0,1,3,3,0,0,1,0,0,0,2,0,0,0,0,2,0,1,1,9,9,9.547,9,1
file_244,2,0,1,0,0,0,0,0,0,0,0,0,2,0,3,3,0,0,0,1,2,0,1,0,0,0,0,0,0,0,1,0,1,4,3,0,0,0,0,0,0,0,0,0,0,0,0,1,1,1,10,10,17.659,8,1
file_245,2,0,1,0,0,0,0,0,0,0,0,0,1,0,2,0,0,0,0,1,1,0,1,0,0,0,0,0,0,0,1,0,1,3,3,0,0,0,0,0,0,0,0,0,0,0,0,0,0,1,9,9,12.048,4,1
file_246,0,0,0,0,0,0,0,0,0,0,0,0,0,0,3,3,2,0,2,2,1,1,1,0,0,0,0,0,0,0,1,0,1,4,6,0,0,0,0,0,0,0,0,0,0,0,0,0,0,1,12,15,31.27,5,0
file_247,3,0,0,0,0,0,0,0,0,0,0,0,0,0,2,2,0,0,0,1,2,0,1,2,0,0,0,0,0,0,1,0,1,3,4,0,0,1,0,0,0,2,0,0,0,0,2,1,0,1,0,0,2.404,10,1
file_248,2,0,1,0,0,0,0,0,0,0,0,0,2,0,3,3,0,0,0,1,2,0,1,0,0,0,0,0,0,0,1,0,1,4,3,0,0,0,0,0,0,0,0,0,0,0,0,1,1,1,10,10,8.259,8,1
file_249,0,0,0,0,0,0,0,0,0,0,0,0,0,0,3,3,2,0,2,2,1,1,1,0,0,0,0,0,0,0,1,0,1,4,6,0,0,0,0,0,0,0,0,0,0,0,0,0,0,1,12,15,25.577,5,0
file_250,0,0,0,0,0,0,0,0,0,0,0,0,0,1,2,1,2,0,2,2,1,0,1,0,0,0,0,0,0,0,1,0,1,3,3,0,0,0,0,0,1,0,0,0,0,0,0,0,0,3,21,21,75.978,6,0
file_251,0,0,0,0,0,0,0,0,0,0,0,0,0,0,3,2,2,0,2,2,1,1,1,0,0,0,0,0,0,0,1,0,1,4,4,0,0,0,0,0,0,0,0,0,0,0,0,0,0,1,12,15,30.071,3,0
file_252,0,0,0,0,0,0,0,0,0,0,0,0,0,1,2,1,2,0,2,2,1,0,1,0,0,0,0,0,0,0,1,0,1,3,3,0,0,0,0,0,0,0,0,0,0,0,0,0,0,3,21,21,89.29,5,0
file_253,2,0,1,0,0,0,0,0,0,0,0,0,1,0,2,2,0,0,0,1,2,0,1,0,0,0,0,0,0,0,1,0,1,3,3,0,0,1,0,0,0,2,0,0,0,0,2,0,1,1,9,9,9.291,9,1
file_254,0,0,0,1,0,0,0,0,0,0,0,0,0,1,16,4,2,0,2,2,1,1,1,2,0,0,0,0,0,0,1,2,6,19,22,2,0,0,0,0,0,0,0,0,0,0,0,0,0,3,31,39,78.272,38,0
file_255,2,0,1,0,0,0,0,0,0,0,0,0,2,0,3,3,0,0,0,1,2,0,1,0,0,0,0,0,0,0,1,0,1,4,3,0,0,0,0,0,0,0,0,0,0,0,0,1,1,1,10,10,16.35,8,1
file_256,0,0,0,0,0,0,0,0,0,0,0,0,0,0,3,2,2,0,2,2,1,1,1,0,0,0,0,0,0,0,1,0,1,4,3,0,0,0,0,0,0,0,0,0,0,0,0,0,0,1,12,15,10.991,3,0
file_257,0,0,0,1,0,0,0,0,0,0,0,0,0,1,10,4,2,0,2,2,1,1,1,2,0,0,0,0,0,0,1,2,6,13,19,2,0,0,0,0,0,0,0,0,0,0,0,0,0,3,25,33,87.803,26,0
file_258,0,0,0,1,0,0,0,0,0,0,0,0,0,1,17,6,2,0,2,2,1,1,1,2,0,0,0,0,0,0,1,2,6,20,28,2,0,0,0,0,0,0,0,0,0,0,0,0,0,5,32,40,85.135,41,0
file_259,2,0,1,0,0,0,0,0,0,0,0,0,2,0,3,3,0,0,0,1,2,0,1,0,0,0,0,0,0,0,1,0,1,4,3,0,0,0,0,0,0,0,0,0,0,0,0,1,1,1,10,10,16.067,8,1
file_260,2,0,1,0,0,0,0,0,0,0,0,0,1,0,2,0,0,0,0,1,1,0,1,0,0,0,0,0,0,0,1,0,1,3,3,0,0,0,0,0,0,0,0,0,0,0,0,0,0,1,9,9,12.143,4,1
file_261,0,0,0,0,0,0,0,0,0,0,0,0,0,1,2,1,2,0,2,2,1,0,1,0,0,0,0,0,0,0,1,0,1,3,3,0,0,0,0,0,0,0,0,0,0,0,0,0,0,3,21,21,79.969,5,0
file_262,0,0,0,1,0,0,0,0,0,0,0,0,0,1,16,4,2,0,2,2,1,1,1,2,0,0,0,0,0,0,1,2,6,19,27,2,0,0,0,0,0,0,0,0,0,0,0,0,0,3,31,39,94.894,38,0
file_263,2,0,1,0,0,0,0,0,0,0,0,0,1,0,2,0,0,0,0,1,2,0,1,0,0,0,0,0,0,0,1,0,1,3,0,0,0,0,0,0,0,0,0,0,0,0,0,0,0,1,9,9,12.757,3,1
file_264,3,0,0,0,0,0,0,0,0,0,0,0,0,0,2,2,0,0,2,2,1,0,1,0,0,0,0,0,0,0,1,0,1,4,5,0,0,0,0,0,0,2,0,0,0,0,2,0,0,1,9,9,5.932,8,1
file_265,0,0,0,0,0,0,0,0,0,0,0,0,0,0,7,7,0,0,2,2,3,1,1,3,0,0,0,0,2,0,1,2,7,9,12,2,0,0,0,0,0,0,0,0,0,0,0,0,0,5,78,147,14.696,24,0
file_266,2,0,1,0,0,0,0,0,0,0,0,0,2,0,3,3,0,0,0,1,2,0,1,0,0,0,0,0,0,0,1,0,1,4,6,0,0,0,0,0,0,0,0,0,0,0,0,1,1,1,10,10,8.337,9,1
file_267,0,0,0,0,0,0,0,0,0,0,0,0,0,0,3,2,2,0,2,2,1,1,1,0,0,0,0,0,0,0,1,0,1,4,4,0,0,0,0,0,0,0,0,0,0,0,0,0,0,1,12,15,14.814,4,0
file_268,0,0,0,0,0,0,0,0,0,0,0,0,0,1,2,1,2,0,2,2,1,0,1,0,0,0,0,0,0,0,1,0,1,3,3,0,0,0,0,0,0,0,0,0,0,0,0,0,0,3,21,21,88.082,5,0
file_269,0,0,0,0,0,0,0,0,0,0,0,0,0,1,2,1,2,0,2,2,1,0,1,0,0,0,0,0,0,0,1,0,1,3,3,0,0,0,0,0,0,0,0,0,0,0,0,0,0,3,21,21,79.704,5,0
file_270,2,0,1,0,0,0,0,0,0,0,0,0,2,0,3,3,0,0,0,1,2,0,1,0,0,0,0,0,0,0,1,0,1,4,6,0,0,0,0,0,0,0,0,0,0,0,0,1,1,1,10,10,8.152,9,1
file_271,2,0,1,0,0,0,0,0,0,0,0,0,2,0,3,3,0,0,0,1,2,0,1,0,0,0,0,0,0,0,1,0,1,4,5,0,0,1,0,0,0,0,0,0,0,0,0,0,1,1,11,11,8.266,9,1
file_272,0,0,0,0,0,0,0,0,0,0,0,0,0,1,2,1,2,0,2,2,1,0,1,0,0,0,0,0,0,0,1,0,1,3,3,0,0,0,0,0,0,0,0,0,0,0,0,0,0,3,21,21,75.972,5,0
file_273,2,0,1,0,0,0,0,0,0,0,0,0,2,0,3,3,0,0,0,1,2,0,1,0,0,0,0,0,0,0,1,0,1,4,5,0,0,0,0,0,0,0,0,0,0,0,0,1,1,1,10,10,8.445,9,1
file_274,2,0,1,0,0,0,0,0,0,0,0,0,1,0,2,0,0,0,0,1,2,0,1,0,0,0,0,0,0,0,1,0,1,3,0,0,0,0,0,0,0,0,0,0,0,0,0,0,0,1,0,0,1.282,3,1
file_275,0,0,0,0,0,0,0,0,0,0,0,0,0,0,7,7,0,0,2,2,3,1,1,4,0,0,0,0,2,0,2,2,7,9,12,2,0,0,0,0,2,0,0,0,0,0,0,0,0,8,61,112,15.808,31,0
file_276,0,0,0,0,0,0,0,0,0,0,0,0,0,0,3,3,2,0,2,2,1,1,1,0,0,0,0,0,0,0,1,0,1,4,6,0,0,0,0,0,0,0,0,0,0,0,0,0,0,1,12,15,31.307,5,0
file_277,2,0,1,0,0,0,0,0,0,0,0,0,2,0,3,3,0,0,0,1,2,0,1,0,0,0,0,0,0,0,1,0,1,4,6,0,0,0,0,0,0,0,0,0,0,0,0,1,1,1,10,10,8.355,9,1
file_278,0,0,0,0,0,0,0,0,0,0,0,0,0,1,2,1,2,0,2,2,1,0,1,0,0,0,0,0,0,0,1,0,1,3,3,0,0,0,0,0,0,0,0,0,0,0,0,0,0,3,21,21,74.927,5,0
file_279,0,0,0,0,0,0,0,0,0,0,0,0,0,0,5,5,0,0,2,2,3,1,1,3,0,0,0,0,2,0,2,2,7,7,9,2,0,0,0,0,0,0,0,0,0,0,0,0,0,4,84,157,14.643,20,0
file_280,2,0,1,0,0,0,0,0,0,0,0,0,2,0,3,3,0,0,0,1,2,0,1,0,0,0,0,0,0,0,1,0,1,4,5,0,0,1,0,0,0,0,0,0,0,0,0,0,1,1,11,11,8.273,9,1
file_281,2,0,1,0,0,0,0,0,0,0,0,0,1,0,2,2,0,0,0,1,2,0,1,0,0,0,0,0,0,0,1,0,1,3,3,0,0,0,0,0,0,0,0,0,0,0,2,0,1,1,9,9,9.932,6,1
file_282,2,0,1,0,0,0,0,0,0,0,0,0,2,0,3,3,0,0,0,1,2,0,1,0,0,0,0,0,0,0,1,0,1,4,4,0,0,0,0,0,0,0,0,0,0,0,0,0,1,1,10,10,16.327,8,1
file_283,0,0,0,1,0,0,0,0,0,0,0,0,0,1,15,5,2,0,2,2,1,1,1,2,0,0,0,0,0,0,1,2,6,18,23,2,0,0,0,0,0,0,0,0,0,0,0,0,0,3,30,38,78.962,35,0
file_284,0,0,0,0,0,0,0,0,0,0,0,0,0,0,29,29,0,0,2,2,1,1,1,0,0,0,0,2,0,0,1,3,1,30,58,0,0,0,0,0,0,0,0,0,0,0,0,0,0,1,128,128,237.963,60,0
file_285,0,0,0,0,0,0,0,0,0,0,0,0,0,0,3,3,2,0,2,2,1,1,1,0,0,0,0,0,0,0,1,0,1,4,5,0,0,0,0,0,0,0,0,0,0,0,0,0,0,1,12,15,22.435,5,0
file_286,2,0,1,0,0,0,0,0,0,0,0,0,1,0,1,0,0,0,0,1,2,0,1,0,0,0,0,0,0,0,1,0,1,2,0,0,0,0,0,0,0,0,0,0,0,0,0,0,0,1,9,9,11.86,2,1
file_287,0,0,0,1,0,0,0,0,0,0,0,0,0,1,15,5,2,0,2,2,1,1,1,2,0,0,0,0,0,0,1,2,6,18,25,2,0,0,0,0,0,0,0,0,0,0,0,0,0,3,30,38,84.685,35,0
file_288,2,0,1,0,0,0,0,0,0,0,0,0,0,0,2,2,0,0,0,1,1,0,1,0,0,0,0,0,0,0,1,0,1,3,2,0,0,0,0,0,0,0,0,0,0,0,0,0,0,1,9,0,6.664,2,1
file_289,2,0,1,0,0,0,0,0,0,0,0,0,2,0,3,3,0,0,0,1,2,0,1,0,0,0,0,0,0,0,1,0,1,4,4,0,0,0,0,0,0,0,0,0,0,0,0,0,1,1,10,10,17.085,8,1
file_290,2,0,1,0,0,0,0,0,0,0,0,0,2,0,3,3,0,0,0,1,2,0,1,0,0,0,0,0,0,0,1,0,1,4,3,0,0,0,0,0,0,0,0,0,0,0,0,1,1,1,10,10,17.148,8,1
file_291,2,0,1,0,0,0,0,0,0,0,0,0,1,0,2,0,0,0,0,1,1,0,1,0,0,0,0,0,0,0,1,0,1,3,3,0,0,0,0,0,0,0,0,0,0,0,0,0,0,1,9,9,12.123,4,1
file_292,0,0,0,0,0,0,0,0,0,0,0,0,0,0,3,3,2,0,2,2,1,1,1,0,0,0,0,0,0,0,1,0,1,4,6,0,0,0,0,0,0,0,0,0,0,0,0,0,0,1,12,15,27.054,5,0
file_293,2,0,1,0,0,0,0,0,0,0,0,0,2,0,3,3,0,0,0,1,2,0,1,0,0,0,0,0,0,0,1,0,1,4,4,0,0,0,0,0,0,0,0,0,0,0,0,0,1,1,10,10,16.779,8,1
file_294,0,0,0,0,0,0,0,0,0,0,0,0,0,0,10,10,0,0,2,2,2,1,1,0,0,0,0,2,0,0,2,0,1,11,13,0,0,0,0,0,0,0,0,0,0,0,0,0,0,3,36,42,16.201,25,0
file_295,3,0,0,0,0,0,0,0,0,0,0,0,0,0,2,2,0,0,0,1,2,0,1,2,0,0,0,0,0,0,1,0,1,3,5,0,0,1,0,0,0,2,0,0,0,0,2,1,0,3,0,0,2.629,12,1
file_296,0,0,0,0,0,0,0,0,0,0,0,0,0,1,2,1,2,0,2,2,1,0,1,0,0,0,0,0,0,0,1,0,1,3,3,0,0,0,0,0,0,0,0,0,0,0,0,0,0,3,21,21,94.833,5,0
file_297,2,0,1,0,0,0,0,0,0,0,0,0,2,0,3,3,0,0,0,1,2,0,1,0,0,0,0,0,0,0,1,0,1,4,5,0,0,1,0,0,0,0,0,0,0,0,0,0,1,1,11,11,8.199,9,1
file_298,2,0,1,0,0,0,0,0,0,0,0,0,2,0,3,3,0,0,0,1,2,0,1,0,0,0,0,0,0,0,1,0,1,4,6,0,0,0,0,0,0,0,0,0,0,0,0,1,1,1,10,10,8.087,9,1
file_299,2,0,1,0,0,0,0,0,0,0,0,0,1,0,2,2,0,0,0,1,2,0,1,0,0,0,0,0,0,0,1,0,1,3,3,0,0,1,0,0,0,2,0,0,0,0,2,0,1,1,9,9,9.396,9,1
file_300,0,0,0,0,0,0,0,0,0,0,0,0,0,0,8,8,0,0,2,2,1,1,1,4,0,0,0,3,0,0,1,5,13,12,17,4,0,0,0,0,0,0,0,0,0,0,0,0,0,5,40,40,64.864,35,0
file_301,0,0,0,1,0,0,0,0,0,0,0,0,0,2,24,5,2,0,2,2,1,1,1,2,0,0,0,0,0,0,1,2,6,27,35,3,0,0,0,0,0,0,0,0,0,0,0,0,0,5,39,47,115.496,57,0
file_302,0,0,0,0,0,0,0,0,0,0,0,0,0,1,2,1,2,0,2,2,1,0,1,0,0,0,0,0,0,0,1,0,1,3,3,0,0,0,0,0,0,0,0,0,0,0,0,0,0,3,21,21,74.316,5,0
file_303,0,0,0,0,0,0,0,0,0,0,0,0,0,1,2,1,2,0,2,2,1,0,1,0,0,0,0,0,0,0,1,0,1,3,3,0,0,0,0,0,0,0,0,0,0,0,0,0,0,3,21,21,88.671,5,0
file_304,2,0,1,0,0,0,0,0,0,0,0,0,2,0,3,3,0,0,0,1,2,0,1,0,0,0,0,0,0,0,1,0,1,4,2,0,0,0,0,0,0,0,0,0,0,0,0,1,1,1,10,10,17.504,7,1
file_305,2,0,1,0,0,0,0,0,0,0,0,0,2,0,3,3,0,0,0,1,2,0,1,0,0,0,0,0,0,0,1,0,1,4,3,0,0,0,0,0,0,0,0,0,0,0,0,1,1,1,10,10,8.026,8,1
file_306,2,0,1,0,0,0,0,0,0,0,0,0,2,0,3,3,0,0,0,1,2,0,1,0,0,0,0,0,0,0,1,0,1,4,3,0,0,0,0,0,0,0,0,0,0,0,0,1,1,1,10,10,19.751,8,1
file_307,0,0,0,1,0,0,0,0,0,0,0,0,0,1,10,5,2,0,2,2,1,1,1,2,0,0,0,0,0,0,1,2,6,13,18,2,0,0,0,0,0,0,0,0,0,0,0,0,0,3,25,33,77.023,25,0
file_308,0,0,0,0,0,0,0,0,0,0,0,0,0,0,3,2,2,0,2,2,1,1,1,0,0,0,0,0,0,0,1,0,1,4,5,0,0,0,0,0,0,0,0,0,0,0,0,0,0,1,12,15,30.622,4,0
file_309,2,0,1,0,0,0,0,0,0,0,0,0,1,0,2,2,0,0,0,1,2,0,1,0,0,0,0,0,0,0,1,0,1,3,3,0,0,1,0,0,0,2,0,0,0,0,2,0,1,1,9,9,9.434,9,1
file_310,0,0,0,0,0,0,0,0,0,0,0,0,0,1,2,1,2,0,2,2,1,0,1,0,0,0,0,0,0,0,1,0,1,3,3,0,0,0,0,0,0,0,0,0,0,0,0,0,0,3,21,21,82.561,5,0
file_311,0,0,0,0,0,0,0,0,0,0,0,0,0,1,2,1,2,0,2,2,1,0,1,0,0,0,0,0,0,0,1,0,1,3,3,0,0,0,0,0,0,0,0,0,0,0,0,0,0,3,21,21,86.995,5,0
file_312,0,0,0,0,0,0,0,0,0,0,0,0,0,1,2,1,2,0,2,2,1,0,1,0,0,0,0,0,0,0,2,0,1,3,3,0,0,0,0,0,0,0,0,0,0,0,0,0,0,3,21,21,76.401,6,0
file_313,0,0,0,0,0,0,0,0,0,0,0,0,0,0,29,2,1,0,2,2,1,1,1,2,0,0,0,2,0,0,1,2,6,33,45,2,0,0,0,0,0,0,0,0,0,0,0,0,0,5,48,48,66.325,69,0
file_314,0,0,0,0,0,0,0,0,0,0,0,0,0,1,2,1,2,0,2,2,1,0,1,0,0,0,0,0,0,0,1,0,1,3,3,2,0,0,0,0,0,0,0,0,0,0,0,0,0,3,21,21,71.115,6,0
file_315,2,0,1,0,0,0,0,0,0,0,0,0,1,0,2,2,0,0,0,1,2,0,1,0,0,0,0,0,0,0,1,0,1,3,3,0,0,1,0,0,0,2,0,0,0,0,2,0,1,1,9,9,9.299,9,1
file_316,2,0,1,0,0,0,0,0,0,0,0,0,1,0,2,2,0,0,0,1,2,0,1,0,0,0,0,0,0,0,1,0,1,3,3,0,0,1,0,0,0,2,0,0,0,0,2,0,1,1,9,9,9.479,9,1
file_317,0,0,0,0,0,0,0,0,0,0,0,0,0,0,3,3,2,0,2,2,1,1,1,0,0,0,0,0,0,0,1,0,1,4,5,0,0,0,0,0,0,0,0,0,0,0,0,0,0,1,12,15,27.984,4,0
file_318,0,0,0,0,0,0,0,0,0,0,0,0,0,0,3,3,2,0,2,2,1,1,1,0,0,0,0,0,0,0,1,0,1,4,5,0,0,0,0,0,0,0,0,0,0,0,0,0,0,1,12,15,27.881,4,0
file_319,0,0,0,0,0,0,0,0,0,0,0,0,0,1,6,6,0,0,2,2,2,1,1,3,0,0,0,2,2,0,1,2,7,8,11,2,0,0,0,0,0,0,0,0,0,0,0,0,0,4,64,112,142.74,21,0
file_320,0,0,0,1,0,0,0,0,0,0,0,0,0,1,10,4,2,0,2,2,1,1,1,2,0,0,0,0,0,0,1,2,6,13,18,2,0,0,0,0,0,0,0,0,0,0,0,0,0,3,25,33,69.388,26,0
file_321,2,0,1,0,0,0,0,0,0,0,0,0,2,0,3,3,0,0,0,1,2,0,1,0,0,0,0,0,0,0,1,0,1,4,6,0,0,0,0,0,0,0,0,0,0,0,0,1,1,1,10,10,8.33,9,1
file_322,0,0,0,0,0,0,0,0,0,0,0,0,0,1,2,1,2,0,2,2,1,0,1,0,0,0,0,0,0,0,1,0,1,3,3,0,0,0,0,0,0,0,0,0,0,0,0,0,0,3,21,21,79.852,5,0
file_323,2,0,1,0,0,0,0,0,0,0,0,0,1,0,2,2,0,0,0,1,2,0,1,0,0,0,0,0,0,0,1,0,1,3,3,0,0,1,0,0,0,2,0,0,0,0,2,0,1,1,9,9,9.277,9,1
file_324,2,0,1,0,0,0,0,0,0,0,0,0,2,0,3,3,0,0,0,1,2,0,1,0,0,0,0,0,0,0,1,0,1,4,3,0,0,0,0,0,0,0,0,0,0,0,0,1,1,1,10,10,16.117,8,1
file_325,2,0,1,0,0,0,0,0,0,0,0,0,2,0,3,3,0,0,0,1,2,0,1,0,0,0,0,0,0,0,1,0,1,4,6,0,0,0,0,0,0,0,0,0,0,0,0,1,1,1,10,10,7.777,9,1
file_326,2,0,1,0,0,0,0,0,0,0,0,0,2,0,3,3,0,0,0,1,2,0,1,0,0,0,0,0,0,0,1,0,1,4,3,0,0,0,0,0,0,0,0,0,0,0,0,1,1,1,10,10,15.112,8,1
file_327,2,0,1,0,0,0,0,0,0,0,0,0,2,0,3,3,0,0,0,1,2,0,1,0,0,0,0,0,0,0,1,0,1,4,4,0,0,0,0,0,0,0,0,0,0,0,0,1,1,1,10,10,8.466,9,1
file_328,0,0,0,0,0,0,0,0,0,0,0,0,0,1,2,1,2,0,2,2,1,0,1,0,0,0,0,0,0,0,1,0,1,3,3,0,0,0,0,0,0,0,0,0,0,0,0,0,0,3,21,21,77.694,5,0
file_329,0,0,0,0,0,0,0,0,0,0,0,0,0,0,6,6,0,0,2,2,2,1,1,3,0,0,0,0,2,0,1,2,8,8,10,2,0,0,0,0,0,0,0,0,0,0,0,0,0,5,77,144,14.18,21,0
file_330,2,0,1,0,0,0,0,0,0,0,0,0,2,0,3,3,0,0,0,1,2,0,1,0,0,0,0,0,0,0,1,0,1,4,3,0,0,0,0,0,0,0,0,0,0,0,0,1,1,1,10,10,15.947,8,1
file_331,2,0,1,0,0,0,0,0,0,0,0,0,2,0,3,3,0,0,0,1,2,0,1,0,0,0,0,0,0,0,1,0,1,4,3,0,0,0,0,0,0,0,0,0,0,0,0,1,1,1,10,10,17.361,8,1
file_332,2,0,1,0,0,0,0,0,0,0,0,0,2,0,3,3,0,0,0,1,2,0,1,0,0,0,0,0,0,0,1,0,1,4,2,0,0,0,0,0,0,0,0,0,0,0,0,1,1,1,10,10,17.566,7,1
file_333,2,0,1,0,0,0,0,0,0,0,0,0,2,0,3,3,0,0,0,1,2,0,1,0,0,0,0,0,0,0,1,0,1,4,5,0,0,0,0,0,0,0,0,0,0,0,0,1,1,1,10,10,8.121,9,1
file_334,0,0,0,1,0,0,0,0,0,0,0,0,0,1,16,7,4,0,2,2,1,1,1,2,0,0,0,0,0,0,2,2,6,19,23,2,0,0,0,0,0,0,0,0,0,0,0,0,0,3,31,39,81.432,38,0
file_335,2,0,1,0,0,0,0,0,0,0,0,0,2,0,3,3,0,0,0,1,2,0,1,0,0,0,0,0,0,0,1,0,1,4,5,0,0,1,0,0,0,0,0,0,0,0,0,0,1,1,11,11,8.171,9,1
file_336,2,0,1,0,0,0,0,0,0,0,0,0,1,0,1,0,0,0,0,1,2,0,1,0,0,0,0,0,0,0,1,0,1,2,0,0,0,0,0,0,0,0,0,0,0,0,0,0,0,1,9,9,12.062,2,1
file_337,2,0,1,0,0,0,0,0,0,0,0,0,2,0,3,3,0,0,0,1,2,0,1,0,0,0,0,0,0,0,1,0,1,4,3,0,0,0,0,0,0,0,0,0,0,0,0,1,1,1,10,10,17.136,8,1
file_338,0,0,0,0,0,0,0,0,0,0,0,0,0,0,3,3,2,0,2,2,1,1,1,0,0,0,0,0,0,0,1,0,1,4,6,0,0,0,0,0,0,0,0,0,0,0,0,0,0,1,12,15,31.929,5,0
file_339,2,0,1,0,0,0,0,0,0,0,0,0,1,0,2,2,0,0,0,1,2,0,1,0,0,0,0,0,0,0,1,0,1,3,3,0,0,1,0,0,0,2,0,0,0,0,2,0,1,1,9,9,9.048,9,1
file_340,0,0,0,0,0,0,0,0,0,0,0,0,0,1,2,1,2,0,2,2,1,0,1,0,0,0,0,0,0,0,1,0,1,3,3,0,0,0,0,0,0,0,0,0,0,0,0,0,0,3,21,21,75.526,5,0
file_341,2,0,1,0,0,0,0,0,0,0,0,0,1,0,1,0,0,0,0,1,2,0,1,0,0,0,0,0,0,0,1,0,1,2,0,0,0,0,0,0,0,0,0,0,0,0,2,0,1,1,9,9,12.042,4,1
file_342,0,0,0,0,0,0,0,0,0,0,0,0,0,1,2,1,2,0,2,2,1,0,1,0,0,0,0,0,0,0,1,0,1,3,3,0,0,0,0,0,0,0,0,0,0,0,0,0,0,3,21,21,64.917,5,0
file_343,0,0,0,0,0,0,0,0,0,0,0,0,0,0,3,2,2,0,2,2,1,1,1,2,0,0,0,0,0,0,1,2,7,5,7,2,0,0,0,0,0,0,0,0,0,0,0,0,0,4,13,17,25.238,12,0
file_344,2,0,1,0,0,0,0,0,0,0,0,0,1,0,2,2,0,0,0,1,2,0,1,0,0,0,0,0,0,0,1,0,1,3,3,0,0,1,0,0,0,2,0,0,0,0,2,0,1,1,9,9,9.913,9,1
file_345,0,0,0,1,0,0,0,0,0,0,0,0,0,1,15,5,2,0,2,2,1,1,1,2,0,0,0,0,0,0,1,2,6,18,24,2,0,0,0,0,0,0,0,0,0,0,0,0,0,3,30,38,97.829,35,0
file_346,2,0,1,0,0,0,0,0,0,0,0,0,2,0,3,3,0,0,0,1,2,0,1,0,0,0,0,0,0,0,1,0,1,4,5,0,0,1,0,0,0,0,0,0,0,0,0,0,1,1,11,11,8.453,9,1
file_347,0,0,0,0,0,0,0,0,0,0,0,0,0,1,2,1,2,0,2,2,1,0,1,0,0,0,0,0,0,0,1,0,1,3,3,0,0,0,0,0,0,0,0,0,0,0,0,0,0,3,21,21,96.561,5,0
file_348,2,0,1,0,0,0,0,0,0,0,0,0,2,0,3,3,0,0,0,1,2,0,1,0,0,0,0,0,0,0,1,0,1,4,5,0,0,1,0,0,0,0,0,0,0,0,0,0,1,1,11,11,8.443,9,1
file_349,0,0,0,0,0,0,0,0,0,0,0,0,0,1,2,1,2,0,2,2,1,0,1,0,0,0,0,0,0,0,1,0,1,3,3,0,0,0,0,0,0,0,0,0,0,0,0,0,0,3,21,21,79.992,5,0
file_350,2,0,1,0,0,0,0,0,0,0,0,0,2,0,3,3,0,0,0,1,2,0,1,0,0,0,0,0,0,0,1,0,1,4,5,0,0,0,0,0,0,0,0,0,0,0,0,1,1,1,10,10,8.151,9,1
file_351,0,0,0,0,0,0,0,0,0,0,0,0,0,0,13,13,0,0,2,2,2,1,1,2,0,0,0,5,0,0,2,0,1,14,19,0,0,0,0,0,1,0,0,0,0,0,0,0,0,7,46,63,28.303,39,0
file_352,2,0,1,0,0,0,0,0,0,0,0,0,2,0,3,3,0,0,0,1,2,0,1,0,0,0,0,0,0,0,1,0,1,4,3,0,0,0,0,0,0,0,0,0,0,0,0,1,1,1,10,10,17.413,8,1
file_353,0,0,0,0,0,0,0,0,0,0,0,0,0,0,3,3,2,0,2,2,1,1,1,0,0,0,0,0,0,0,1,0,1,4,5,0,0,0,0,0,0,0,0,0,0,0,0,0,0,1,12,15,21.278,5,0
file_354,0,0,0,0,0,0,0,0,0,0,0,0,0,0,3,2,2,0,2,2,1,1,1,2,0,0,0,0,0,0,1,2,7,5,7,2,0,0,0,0,0,0,0,0,0,0,0,0,0,4,13,17,23.759,12,0
file_355,2,0,1,0,0,0,0,0,0,0,0,0,2,0,3,3,0,0,0,1,2,0,1,0,0,0,0,0,0,0,1,0,1,4,3,0,0,0,0,0,0,0,0,0,0,0,0,1,1,1,10,10,15.783,8,1
file_356,0,0,0,0,0,0,0,0,0,0,0,0,0,1,2,1,2,0,2,2,1,0,1,0,0,0,0,0,0,0,1,0,1,3,3,0,0,0,0,0,0,0,0,0,0,0,0,0,0,3,21,21,84.036,5,0
file_357,2,0,1,0,0,0,0,0,0,0,0,0,1,0,1,0,0,0,0,1,2,0,1,0,0,0,0,0,0,0,1,0,1,2,0,0,0,0,0,0,0,0,0,0,0,0,0,0,0,1,9,9,11.762,2,1
file_358,0,0,0,1,0,0,0,0,0,0,0,0,0,1,15,5,2,0,2,2,1,1,1,2,0,0,0,0,0,0,1,2,6,18,21,2,0,0,0,0,0,0,0,0,0,0,0,0,0,3,30,38,90.984,35,0
file_359,2,0,1,0,0,0,0,0,0,0,0,0,2,0,3,3,0,0,0,1,2,0,1,0,0,0,0,0,0,0,1,0,1,4,3,0,0,0,0,0,0,0,0,0,0,0,0,1,1,1,10,10,15.95,8,1
file_360,0,0,0,0,0,0,0,0,0,0,0,0,0,0,6,6,0,0,2,2,2,0,1,0,0,0,0,6,0,0,1,0,1,7,16,0,0,0,0,0,1,0,0,0,0,0,0,0,0,6,33,33,23.325,23,0
file_361,0,0,0,0,0,0,0,0,0,0,0,0,0,1,2,1,2,0,2,2,1,0,1,0,0,0,0,0,0,0,1,0,1,3,3,0,0,0,0,0,0,0,0,0,0,0,0,0,0,3,21,21,75.725,5,0
file_362,0,0,0,0,0,0,0,0,0,0,0,0,0,2,4,2,4,0,2,2,1,0,1,0,0,0,0,0,0,0,1,0,1,5,5,0,0,0,0,0,1,0,0,0,0,0,0,0,0,4,24,24,170.917,11,0
file_363,2,0,1,0,0,0,0,0,0,0,0,0,2,0,3,3,0,0,0,1,2,0,1,0,0,0,0,0,0,0,1,0,1,4,6,0,0,0,0,0,0,0,0,0,0,0,0,1,1,1,10,10,8.625,9,1
file_364,0,0,0,0,0,0,0,0,0,0,0,0,0,1,2,1,2,0,2,2,1,0,1,0,0,0,0,0,0,0,1,0,1,3,3,0,0,0,0,0,0,0,0,0,0,0,0,0,0,3,21,21,74.877,5,0
file_365,0,0,0,0,0,0,0,0,0,0,0,0,0,1,2,1,2,0,2,2,1,0,1,0,0,0,0,0,0,0,1,0,1,3,3,0,0,0,0,0,0,0,0,0,0,0,0,0,0,3,21,21,76.303,5,0
file_366,3,0,0,0,0,0,0,0,0,0,0,0,0,0,1,1,0,0,2,2,1,0,1,0,0,0,0,0,0,0,1,0,1,3,2,0,0,0,0,0,0,0,0,0,0,0,2,0,0,1,8,8,7.423,4,1
file_367,2,0,1,0,0,0,0,0,0,0,0,0,2,0,3,3,0,0,0,1,2,0,1,0,0,0,0,0,0,0,1,0,1,4,3,0,0,0,0,0,0,0,0,0,0,0,0,1,1,1,10,10,8.183,8,1
file_368,2,0,1,0,0,0,0,0,0,0,0,0,2,0,3,3,0,0,0,1,2,0,1,0,0,0,0,0,0,0,1,0,1,4,5,0,0,1,0,0,0,0,0,0,0,0,0,0,1,1,11,11,8.068,9,1
file_369,2,0,1,0,0,0,0,0,0,0,0,0,1,0,2,0,0,0,0,1,2,0,1,0,0,0,0,0,0,0,1,0,1,3,0,0,0,0,0,0,0,0,0,0,0,0,0,0,0,1,9,9,13.039,3,1
file_370,0,0,0,0,0,0,0,0,0,0,0,0,0,0,6,6,0,0,2,2,3,1,1,3,0,0,0,3,2,0,1,2,7,8,10,2,0,0,0,0,1,0,0,0,0,0,0,0,0,4,50,88,15.876,24,0
file_371,0,0,0,0,0,0,0,0,0,0,0,0,0,2,4,2,4,0,2,2,1,0,1,0,0,0,0,0,0,0,1,0,1,5,5,0,0,0,0,0,0,0,0,0,0,0,0,0,0,4,24,24,114.674,10,0
file_372,2,0,1,0,0,0,0,0,0,0,0,0,2,0,3,3,0,0,0,1,2,0,1,0,0,0,0,0,0,0,1,0,1,4,3,0,0,0,0,0,0,0,0,0,0,0,0,1,1,1,10,10,15.405,8,1
file_373,2,0,1,0,0,0,0,0,0,0,0,0,1,0,2,2,0,0,0,1,2,0,1,0,0,0,0,0,0,0,1,0,1,3,3,0,0,1,0,0,0,2,0,0,0,0,2,0,1,1,9,9,9.689,9,1
file_374,2,0,1,0,0,0,0,0,0,0,0,0,2,0,3,3,0,0,0,1,2,0,1,0,0,0,0,0,0,0,1,0,1,4,5,0,0,1,0,0,0,0,0,0,0,0,0,0,1,1,11,11,8.281,9,1
file_375,0,0,0,0,0,0,0,0,0,0,0,0,0,1,2,1,2,0,2,2,1,0,1,0,0,0,0,0,0,0,1,0,1,3,3,0,0,0,0,0,0,0,0,0,0,0,0,0,0,3,21,21,96.196,5,0
file_376,0,0,0,0,0,0,0,0,0,0,0,0,0,1,2,1,2,0,2,2,1,0,1,0,0,0,0,0,0,0,1,0,1,3,3,0,0,0,0,0,0,0,0,0,0,0,0,0,0,3,21,21,76.228,5,0
file_377,0,0,0,0,0,0,0,0,0,0,0,0,0,1,2,1,2,0,2,2,1,0,1,0,0,0,0,0,0,0,1,0,1,3,3,0,0,0,0,0,0,0,0,0,0,0,0,0,0,3,21,21,84.716,5,0
file_378,2,0,1,0,0,0,0,0,0,0,0,0,1,0,1,0,0,0,0,1,2,0,1,0,0,0,0,0,0,0,1,0,1,2,0,0,0,0,0,0,0,0,0,0,0,0,2,0,1,1,9,9,12.167,4,1
file_379,0,0,0,1,0,0,0,0,0,0,0,0,0,1,19,7,2,0,2,2,1,1,1,2,0,0,0,0,0,0,1,2,6,22,30,2,0,0,0,0,0,0,0,0,0,0,0,0,0,4,34,42,126.269,43,0
file_380,0,0,0,0,0,0,0,0,0,0,0,0,0,0,5,3,4,0,2,2,1,1,1,2,0,0,0,0,0,0,1,2,7,7,11,2,0,0,0,0,0,0,0,0,0,0,0,0,0,3,18,27,27.332,15,0
file_381,2,0,1,0,0,0,0,0,0,0,0,0,1,0,2,2,0,0,0,1,2,0,1,0,0,0,0,0,0,0,1,0,1,3,3,0,0,1,0,0,0,2,0,0,0,0,2,0,1,1,9,9,9.717,9,1
file_382,0,0,0,0,0,0,0,0,0,0,0,0,0,1,2,1,2,0,2,2,1,0,1,0,0,0,0,0,0,0,1,0,1,3,3,0,0,0,0,0,0,0,0,0,0,0,0,0,0,3,21,21,83.594,5,0
file_383,0,0,0,0,0,0,0,0,0,0,0,0,0,1,2,1,2,0,2,2,1,0,1,0,0,0,0,0,0,0,1,0,1,3,3,2,0,0,0,0,0,0,0,0,0,0,0,0,0,3,21,21,73.437,6,0
file_384,0,0,0,1,0,0,0,0,0,0,0,0,0,1,20,5,2,0,2,2,1,1,1,2,0,0,0,0,0,0,1,2,6,23,28,2,0,0,0,0,0,0,0,0,0,0,0,0,0,4,35,43,84.268,46,0
file_385,2,0,1,0,0,0,0,0,0,0,0,0,2,0,3,3,0,0,0,1,2,0,1,0,0,0,0,0,0,0,1,0,1,4,3,0,0,0,0,0,0,0,0,0,0,0,0,1,1,1,10,10,15.377,8,1
file_386,2,0,1,0,0,0,0,0,0,0,0,0,1,0,2,2,0,0,0,1,2,0,1,0,0,0,0,0,0,0,1,0,1,3,3,0,0,1,0,0,0,2,0,0,0,0,2,0,1,1,9,9,9.477,9,1
file_387,2,0,1,0,0,0,0,0,0,0,0,0,2,0,3,3,0,0,0,1,2,0,1,0,0,0,0,0,0,0,1,0,1,4,5,0,0,0,0,0,0,0,0,0,0,0,0,1,1,1,10,10,8.252,9,1
file_388,0,0,0,0,0,0,0,0,0,0,0,0,0,0,10,5,4,0,2,2,1,1,1,2,0,0,0,2,0,0,3,2,6,16,23,2,0,0,0,0,0,0,0,0,0,0,0,0,0,4,43,43,49.065,31,0
file_389,2,0,1,0,0,0,0,0,0,0,0,0,2,0,3,3,0,0,0,1,2,0,1,0,0,0,0,0,0,0,1,0,1,4,3,0,0,0,0,0,0,0,0,0,0,0,0,1,1,1,10,10,15.601,8,1
file_390,2,0,1,0,0,0,0,0,0,0,0,0,1,0,2,2,0,0,0,1,2,0,1,0,0,0,0,0,0,0,1,0,1,3,3,0,0,1,0,0,0,2,0,0,0,0,2,0,1,1,9,9,9.562,9,1
file_391,0,0,0,0,0,0,0,0,0,0,0,0,0,1,2,1,2,0,2,2,1,0,1,0,0,0,0,0,0,0,1,0,1,3,3,0,0,0,0,0,0,0,0,0,0,0,0,0,0,3,21,21,84.072,5,0
file_392,2,0,1,0,0,0,0,0,0,0,0,0,1,0,2,2,0,0,0,1,2,0,1,0,0,0,0,0,0,0,1,0,1,3,3,0,0,0,0,0,0,0,0,0,0,0,2,0,1,1,9,9,9.899,6,1
file_393,0,0,0,1,0,0,0,0,0,0,0,0,0,1,12,5,2,0,2,2,1,1,1,2,0,0,0,0,0,0,1,2,6,15,21,2,0,0,0,0,0,0,0,0,0,0,0,0,0,3,27,35,78.655,29,0
file_394,2,0,1,0,0,0,0,0,0,0,0,0,0,0,3,3,0,0,0,1,1,0,1,2,0,0,0,0,0,0,1,0,1,2,2,0,0,0,0,0,0,0,0,0,0,0,0,0,0,1,5,9,5.849,2,1
file_395,2,0,1,0,0,0,0,0,0,0,0,0,2,0,3,3,0,0,0,1,2,0,1,0,0,0,0,0,0,0,1,0,1,4,3,0,0,0,0,0,0,0,0,0,0,0,0,1,1,1,10,10,16.23,8,1
file_396,2,0,1,0,0,0,0,0,0,0,0,0,2,0,3,3,0,0,0,1,2,0,1,0,0,0,0,0,0,0,1,0,1,4,3,0,0,0,0,0,0,0,0,0,0,0,0,1,1,1,10,10,8.182,8,1
file_397,2,0,1,0,0,0,0,0,0,0,0,0,2,0,3,3,0,0,0,1,2,0,1,0,0,0,0,0,0,0,1,0,1,4,3,0,0,0,0,0,0,0,0,0,0,0,0,1,1,1,10,10,8.378,8,1
file_398,2,0,1,0,0,0,0,0,0,0,0,0,0,0,3,3,0,0,0,1,1,0,1,0,0,0,0,0,0,0,1,0,1,4,5,0,0,0,0,0,0,0,0,0,0,0,2,0,0,1,16,16,6.049,6,1
file_399,0,0,0,0,0,0,0,0,0,0,0,0,0,1,2,1,2,0,2,2,1,0,1,0,0,0,0,0,0,0,1,0,1,3,3,0,0,0,0,0,0,0,0,0,0,0,0,0,0,3,21,21,84.459,5,0
file_400,0,0,0,0,0,0,0,0,0,0,0,0,0,0,4,4,0,0,2,2,2,1,1,2,0,0,0,0,0,0,1,2,7,6,9,2,0,0,0,0,0,0,0,0,0,0,0,0,0,3,17,22,25.604,13,0
file_401,0,0,0,0,0,0,0,0,0,0,0,0,0,1,2,1,2,0,2,2,1,1,1,2,0,0,0,2,0,0,1,2,9,4,5,2,0,0,0,0,0,0,0,0,0,0,0,0,0,4,22,22,103.338,12,0
file_402,0,0,0,0,0,0,0,0,0,0,0,0,0,0,3,3,2,0,2,2,1,1,1,0,0,0,0,0,0,0,1,0,1,4,5,0,0,0,0,0,0,0,0,0,0,0,0,0,0,1,12,15,22.741,4,0
file_403,0,0,0,0,0,0,0,0,0,0,0,0,0,0,11,11,10,0,2,2,1,1,1,0,0,0,0,0,0,0,1,0,1,12,21,0,0,0,0,0,0,0,0,0,0,0,0,0,0,1,32,55,154.756,20,0
file_404,2,0,1,0,0,0,0,0,0,0,0,0,1,0,1,0,0,0,0,1,2,0,1,0,0,0,0,0,0,0,1,0,1,2,0,0,0,0,0,0,0,0,0,0,0,0,2,0,1,1,9,9,12.384,4,1
file_405,0,0,0,0,0,0,0,0,0,0,0,0,0,0,3,2,2,0,2,2,1,1,1,0,0,0,0,0,0,0,1,0,1,4,5,0,0,0,0,0,0,0,0,0,0,0,0,0,0,1,12,15,25.001,4,0
file_406,2,0,1,0,0,0,0,0,0,0,0,0,2,0,3,3,0,0,0,1,2,0,1,0,0,0,0,0,0,0,1,0,1,4,3,0,0,0,0,0,0,0,0,0,0,0,0,1,1,1,10,10,17.288,8,1
file_407,0,0,0,1,0,0,0,0,0,0,0,0,0,1,13,4,2,0,2,2,1,1,1,2,0,0,0,0,0,0,1,2,6,16,20,2,0,0,0,0,0,0,0,0,0,0,0,0,0,4,28,36,80.108,33,0
file_408,0,0,0,0,0,0,0,0,0,0,0,0,0,1,2,1,2,0,2,2,1,1,1,2,0,0,0,0,0,0,1,2,9,4,5,2,0,0,0,0,0,0,0,0,0,0,0,0,0,4,22,22,68.678,11,0
file_409,0,0,0,1,0,0,0,0,0,0,0,0,0,1,13,4,2,0,2,2,1,1,1,2,0,0,0,0,0,0,1,2,6,16,23,2,0,0,0,0,0,0,0,0,0,0,0,0,0,3,28,36,76.055,33,0
file_410,0,0,0,0,0,0,0,0,0,0,0,0,0,0,3,3,2,0,2,2,1,1,1,0,0,0,0,0,0,0,1,0,1,4,6,0,0,0,0,0,0,0,0,0,0,0,0,0,0,1,12,15,26.744,5,0
file_411,2,0,1,0,0,0,0,0,0,0,0,0,1,0,1,0,0,0,0,1,2,0,1,0,0,0,0,0,0,0,1,0,1,2,0,0,0,0,0,0,0,0,0,0,0,0,0,0,0,1,9,9,12.301,2,1
file_412,2,0,1,0,0,0,0,0,0,0,0,0,2,0,3,3,0,0,0,1,2,0,1,0,0,0,0,0,0,0,1,0,1,4,3,0,0,0,0,0,0,0,0,0,0,0,0,1,1,1,10,10,16.736,8,1
file_413,2,0,1,0,0,0,0,0,0,0,0,0,0,0,1,1,0,0,0,1,1,0,1,0,0,0,0,0,0,0,1,0,1,2,2,0,0,0,0,0,0,0,0,0,0,0,0,0,0,1,7,7,3.295,1,1
file_414,2,0,1,0,0,0,0,0,0,0,0,0,2,0,3,3,0,0,0,1,2,0,1,0,0,0,0,0,0,0,1,0,1,4,6,0,0,0,0,0,0,0,0,0,0,0,0,1,1,1,10,10,7.893,9,1
file_415,0,0,0,0,0,0,0,0,0,0,0,0,0,1,2,1,2,0,2,2,1,0,1,0,0,0,0,0,0,0,1,0,1,3,3,0,0,0,0,0,0,0,0,0,0,0,0,0,0,3,21,21,86.832,5,0
file_416,2,0,1,0,0,0,0,0,0,0,0,0,2,0,3,3,0,0,0,1,2,0,1,0,0,0,0,0,0,0,1,0,1,4,3,0,0,0,0,0,0,0,0,0,0,0,0,1,1,1,10,10,17.619,8,1
file_417,0,0,0,0,0,0,0,0,0,0,0,0,0,1,2,1,2,0,2,2,1,0,1,0,0,0,0,0,0,0,1,0,1,3,3,0,0,0,0,0,0,0,0,0,0,0,0,0,0,3,21,21,78.231,5,0
file_418,0,0,0,0,0,0,0,0,0,0,0,0,0,0,2,1,1,0,2,2,1,1,1,2,0,0,0,0,0,0,1,2,6,5,10,2,0,0,0,0,1,0,0,0,0,0,0,0,0,5,10,10,18.617,15,0
file_419,0,0,0,0,0,0,0,0,0,0,0,0,0,1,2,1,2,0,2,2,1,0,1,0,0,0,0,0,0,0,1,0,1,3,3,0,0,0,0,0,0,0,0,0,0,0,0,0,0,3,21,21,91.602,5,0
file_420,0,0,0,0,0,0,0,0,0,0,0,0,0,0,3,3,2,0,2,2,1,1,1,0,0,0,0,0,0,0,1,0,1,4,6,0,0,0,0,0,0,0,0,0,0,0,0,0,0,1,12,15,37.926,5,0
file_421,0,0,0,0,0,0,0,0,0,0,0,0,0,0,4,4,0,0,2,2,1,0,1,0,0,0,0,0,0,0,1,0,1,5,10,0,0,0,0,0,1,0,0,0,0,0,0,0,0,4,22,22,24.909,11,0
file_422,0,0,0,0,0,0,0,0,0,0,0,0,0,0,3,3,2,0,2,2,1,1,1,0,0,0,0,0,0,0,1,0,1,4,6,0,0,0,0,0,0,0,0,0,0,0,0,0,0,1,12,15,31.684,5,0
file_423,0,0,0,0,0,0,0,0,0,0,0,0,0,0,6,6,0,0,2,2,1,1,1,0,0,0,0,2,0,0,1,2,1,7,12,0,0,0,0,0,0,0,0,0,0,0,0,0,0,1,35,35,27.105,14,0
file_424,0,0,0,0,0,0,0,0,0,0,0,0,0,0,3,3,2,0,2,2,1,1,1,0,0,0,0,0,0,0,1,0,1,4,6,0,0,0,0,0,0,0,0,0,0,0,0,0,0,1,12,15,32.004,5,0
file_425,2,0,1,0,0,0,0,0,0,0,0,0,2,0,3,3,0,0,0,1,2,0,1,0,0,0,0,0,0,0,1,0,1,4,5,0,0,1,0,0,0,0,0,0,0,0,0,0,1,1,11,11,8.25,9,1
file_426,2,0,1,0,0,0,0,0,0,0,0,0,1,0,1,0,0,0,0,1,2,0,1,0,0,0,0,0,0,0,1,0,1,2,0,0,0,0,0,0,0,0,0,0,0,0,2,0,1,1,9,9,12.102,4,1
file_427,2,0,1,0,0,0,0,0,0,0,0,0,2,0,3,3,0,0,0,1,2,0,1,0,0,0,0,0,0,0,1,0,1,4,4,0,0,0,0,0,0,0,0,0,0,0,0,0,1,1,10,10,16.252,8,1
file_428,2,0,1,0,0,0,0,0,0,0,0,0,2,0,3,3,0,0,0,1,2,0,1,0,0,0,0,0,0,0,1,0,1,4,5,0,0,0,0,0,0,0,0,0,0,0,0,1,1,1,10,10,8.103,9,1
file_429,0,0,0,0,0,0,0,0,0,0,0,0,0,0,3,3,2,0,2,2,1,1,1,0,0,0,0,0,0,0,1,0,1,4,6,0,0,0,0,0,0,0,0,0,0,0,0,0,0,1,12,15,24.912,5,0
file_430,0,0,0,0,0,0,0,0,0,0,0,0,0,1,2,1,2,0,2,2,1,0,1,0,0,0,0,0,0,0,1,0,1,3,3,0,0,0,0,0,0,0,0,0,0,0,0,0,0,3,21,21,75.899,5,0
file_431,2,0,1,0,0,0,0,0,0,0,0,0,2,0,3,3,0,0,0,1,2,0,1,0,0,0,0,0,0,0,1,0,1,4,3,0,0,0,0,0,0,0,0,0,0,0,0,1,1,1,10,10,8.232,8,1
file_432,2,0,1,0,0,0,0,0,0,0,0,0,1,0,1,0,0,0,0,1,2,0,1,0,0,0,0,0,0,0,1,0,1,2,0,0,0,0,0,0,0,0,0,0,0,0,2,0,1,1,9,9,12.026,4,1
file_433,2,0,1,0,0,0,0,0,0,0,0,0,2,0,3,3,0,0,0,1,2,0,1,0,0,0,0,0,0,0,1,0,1,4,3,0,0,0,0,0,0,0,0,0,0,0,0,1,1,1,10,10,16.99,8,1
file_434,3,0,0,0,0,0,0,0,0,0,0,0,0,0,2,2,0,0,0,1,2,0,1,2,0,0,0,0,0,0,1,0,1,3,5,0,0,1,0,0,0,2,0,0,0,0,2,1,0,3,0,0,2.164,12,1
file_435,2,0,1,0,0,0,0,0,0,0,0,0,2,0,3,3,0,0,0,1,2,0,1,0,0,0,0,0,0,0,1,0,1,4,3,0,0,0,0,0,0,0,0,0,0,0,0,1,1,1,10,10,19.909,8,1
file_436,2,0,1,0,0,0,0,0,0,0,0,0,1,0,2,2,0,0,0,1,2,0,1,0,0,0,0,0,0,0,1,0,1,3,3,0,0,1,0,0,0,2,0,0,0,0,2,0,1,1,9,9,9.508,9,1
file_437,2,0,1,0,0,0,0,0,0,0,0,0,1,0,1,0,0,0,0,1,2,0,1,0,0,0,0,0,0,0,1,0,1,2,0,0,0,0,0,0,0,0,0,0,0,0,0,0,0,1,9,9,12.565,2,1
file_438,0,0,0,0,0,0,0,0,0,0,0,0,0,1,2,1,2,0,2,2,1,0,1,0,0,0,0,0,0,0,1,0,1,3,3,0,0,0,0,0,0,0,0,0,0,0,0,0,0,3,21,21,92.737,5,0
file_439,0,0,0,0,0,0,0,0,0,0,0,0,0,1,2,1,2,0,2,2,1,0,1,0,0,0,0,0,0,0,1,0,1,3,3,0,0,0,0,0,0,0,0,0,0,0,0,0,0,3,21,21,82.306,5,0
file_440,0,0,0,0,0,0,0,0,0,0,0,0,0,0,3,2,2,0,2,2,1,1,1,0,0,0,0,0,0,0,1,0,1,4,5,0,0,0,0,0,0,0,0,0,0,0,0,0,0,1,12,15,29.087,4,0
file_441,2,0,1,0,0,0,0,0,0,0,0,0,1,0,1,0,0,0,0,1,2,0,1,0,0,0,0,0,0,0,1,0,1,2,0,0,0,0,0,0,0,0,0,0,0,0,2,0,1,1,9,9,12.062,4,1
file_442,0,0,0,0,0,0,0,0,0,0,0,0,0,1,2,1,2,0,2,2,1,0,1,0,0,0,0,0,0,0,1,0,1,3,3,0,0,0,0,0,0,0,0,0,0,0,0,0,0,3,21,21,73.789,5,0
file_443,0,0,0,0,0,0,0,0,0,0,0,0,0,0,3,2,2,0,2,2,1,1,1,2,0,0,0,0,0,0,1,2,7,5,7,2,0,0,0,0,0,0,0,0,0,0,0,0,0,4,13,17,23.983,12,0
file_444,2,0,1,0,0,0,0,0,0,0,0,0,2,0,3,3,0,0,0,1,2,0,1,0,0,0,0,0,0,0,1,0,1,4,6,0,0,0,0,0,0,0,0,0,0,0,0,1,1,1,10,10,8.388,9,1
file_445,0,0,0,0,0,0,0,0,0,0,0,0,0,0,3,2,2,0,2,2,1,1,1,2,0,0,0,0,0,0,1,2,7,5,7,2,0,0,0,0,0,0,0,0,0,0,0,0,0,3,13,17,17.098,11,0
file_446,0,0,0,0,0,0,0,0,0,0,0,0,0,1,2,1,2,0,2,2,1,0,1,0,0,0,0,0,0,0,2,0,1,3,3,0,0,0,0,0,0,0,0,0,0,0,0,0,0,3,21,21,85.298,6,0
file_447,0,0,0,0,0,0,0,0,0,0,0,0,0,0,8,8,0,0,2,2,2,1,1,0,0,0,0,0,0,0,2,2,1,9,17,0,0,0,0,0,0,0,0,0,0,0,0,0,0,3,43,43,87.647,19,0
file_448,2,0,1,0,0,0,0,0,0,0,0,0,1,0,1,0,0,0,0,1,2,0,1,0,0,0,0,0,0,0,1,0,1,2,0,0,0,0,0,0,0,0,0,0,0,0,2,0,1,1,9,9,12.155,4,1
file_449,2,0,1,0,0,0,0,0,0,0,0,0,1,0,2,0,0,0,0,1,1,0,1,0,0,0,0,0,0,0,1,0,1,3,3,0,0,0,0,0,0,0,0,0,0,0,0,0,0,1,9,9,12.374,4,1
file_450,2,0,1,0,0,0,0,0,0,0,0,0,2,0,3,3,0,0,0,1,2,0,1,0,0,0,0,0,0,0,1,0,1,4,5,0,0,0,0,0,0,0,0,0,0,0,0,1,1,1,10,10,8.224,9,1
file_451,0,0,0,0,0,0,0,0,0,0,0,0,0,0,3,3,2,0,2,2,1,1,1,0,0,0,0,0,0,0,1,0,1,4,4,0,0,0,0,0,0,0,0,0,0,0,0,0,0,1,12,15,29.619,4,0
file_452,0,0,0,0,0,0,0,0,0,0,0,0,0,0,5,5,0,0,2,2,1,0,1,0,0,0,0,0,0,0,1,0,1,6,7,0,0,0,0,0,0,0,0,0,0,0,0,0,0,1,17,17,6.197,10,0
file_453,0,0,0,0,0,0,0,0,0,0,0,0,0,1,2,1,2,0,2,2,1,0,1,0,0,0,0,0,0,0,1,0,1,3,3,0,0,0,0,0,0,0,0,0,0,0,0,0,0,3,21,21,62.475,5,0
file_454,3,0,0,0,0,0,0,0,0,0,0,0,0,0,2,2,0,0,0,2,1,0,1,2,0,0,0,0,0,0,1,0,1,3,4,0,0,1,0,0,0,2,0,0,0,0,2,0,0,1,0,0,2.011,8,1
file_455,3,0,0,0,0,0,0,0,0,0,0,0,0,0,2,2,0,0,0,2,1,0,1,2,0,0,0,0,0,0,1,0,1,3,4,0,0,1,0,0,0,2,0,0,0,0,2,0,0,1,0,0,1.909,8,1
file_456,2,0,1,0,0,0,0,0,0,0,0,0,1,0,1,0,0,0,0,1,2,0,1,0,0,0,0,0,0,0,1,0,1,2,0,0,0,0,0,0,0,0,0,0,0,0,2,0,1,1,9,9,12.103,4,1
file_457,2,0,1,0,0,0,0,0,0,0,0,0,2,0,3,3,0,0,0,1,2,0,1,0,0,0,0,0,0,0,1,0,1,4,5,0,0,1,0,0,0,0,0,0,0,0,0,0,1,1,11,11,8.325,9,1
file_458,2,0,1,0,0,0,0,0,0,0,0,0,2,0,3,3,0,0,0,1,2,0,1,0,0,0,0,0,0,0,1,0,1,4,3,0,0,0,0,0,0,0,0,0,0,0,0,1,1,1,10,10,17.259,8,1
file_459,0,0,0,0,0,0,0,0,0,0,0,0,0,0,3,3,2,0,2,2,1,1,1,0,0,0,0,0,0,0,1,0,1,4,6,0,0,0,0,0,0,0,0,0,0,0,0,0,0,1,12,15,28.062,5,0
file_460,0,0,0,0,0,0,0,0,0,0,0,0,0,0,3,3,2,0,2,2,1,1,1,0,0,0,0,0,0,0,1,0,1,4,6,0,0,0,0,0,0,0,0,0,0,0,0,0,0,1,12,15,22.334,5,0
file_461,0,0,0,1,0,0,0,0,0,0,0,0,0,1,12,5,2,0,2,2,1,1,1,2,0,0,0,2,0,0,1,2,6,15,20,2,0,0,0,0,0,0,0,0,0,0,0,0,0,3,27,35,90.993,30,0
file_462,0,0,0,0,0,0,0,0,0,0,0,0,0,0,3,3,2,0,2,2,1,1,1,0,0,0,0,0,0,0,1,0,1,4,6,0,0,0,0,0,0,0,0,0,0,0,0,0,0,1,12,15,25.946,5,0
file_463,2,0,1,0,0,0,0,0,0,0,0,0,1,0,2,2,0,0,0,1,2,0,1,0,0,0,0,0,0,0,1,0,1,3,3,0,0,1,0,0,0,2,0,0,0,0,2,0,1,1,9,9,9.512,9,1
file_464,0,0,0,0,0,0,0,0,0,0,0,0,0,1,2,1,2,0,2,2,1,0,1,0,0,0,0,0,0,0,1,0,1,3,3,0,0,0,0,0,0,0,0,0,0,0,0,0,0,3,21,21,74.457,5,0
file_465,0,0,0,0,0,0,0,0,0,0,0,0,0,0,3,3,2,0,2,2,1,1,1,0,0,0,0,0,0,0,1,0,1,4,6,0,0,0,0,0,0,0,0,0,0,0,0,0,0,1,12,15,27.39,5,0
file_466,0,0,0,0,0,0,0,0,0,0,0,0,0,0,7,7,0,0,2,2,3,1,1,3,0,0,0,0,2,0,1,2,7,9,12,2,0,0,0,0,0,0,0,0,0,0,0,0,0,5,64,118,15.151,24,0
file_467,0,0,0,0,0,0,0,0,0,0,0,0,0,0,16,16,0,0,2,2,2,1,1,3,0,0,0,0,2,0,1,2,7,18,29,2,0,0,0,0,2,0,0,0,0,0,0,0,0,8,145,281,31.731,46,0
file_468,2,0,1,0,0,0,0,0,0,0,0,0,1,0,2,2,0,0,0,1,2,0,1,0,0,0,0,0,0,0,1,0,1,3,3,0,0,1,0,0,0,2,0,0,0,0,2,0,1,1,9,9,9.147,9,1
file_469,0,0,0,0,0,0,0,0,0,0,0,0,0,1,2,1,2,0,2,2,1,0,1,0,0,0,0,0,0,0,1,0,1,3,3,0,0,0,0,0,0,0,0,0,0,0,0,0,0,3,21,21,74.576,5,0
file_470,2,0,1,0,0,0,0,0,0,0,0,0,1,0,2,2,0,0,0,1,2,0,1,0,0,0,0,0,0,0,1,0,1,3,3,0,0,1,0,0,0,2,0,0,0,0,2,0,1,1,9,9,9.695,9,1
file_471,2,0,1,0,0,0,0,0,0,0,0,0,2,0,3,3,0,0,0,1,2,0,1,0,0,0,0,0,0,0,1,0,1,4,4,0,0,1,0,0,0,0,0,0,0,0,0,0,1,1,11,11,8.186,9,1
file_472,0,0,0,0,0,0,0,0,0,0,0,0,0,0,3,3,2,0,2,2,1,1,1,0,0,0,0,0,0,0,1,0,1,4,6,0,0,0,0,0,0,0,0,0,0,0,0,0,0,1,12,15,28.553,5,0
file_473,0,0,0,0,0,0,0,0,0,0,0,0,0,1,2,1,2,0,2,2,1,0,1,0,0,0,0,0,0,0,1,0,1,3,3,0,0,0,0,0,0,0,0,0,0,0,0,0,0,3,21,21,73.748,5,0
file_474,2,0,1,0,0,0,0,0,0,0,0,0,0,0,1,1,0,0,0,1,1,0,1,0,0,0,0,0,0,0,1,0,1,2,3,0,0,0,0,0,0,0,0,0,0,0,2,0,0,3,19,19,11.221,4,1
file_475,2,0,1,0,0,0,0,0,0,0,0,0,2,0,3,3,0,0,0,1,2,0,1,0,0,0,0,0,0,0,1,0,1,4,3,0,0,0,0,0,0,0,0,0,0,0,0,1,1,1,10,10,17.075,8,1
file_476,0,0,0,0,0,0,0,0,0,0,0,0,0,0,12,9,3,0,2,2,2,1,1,0,0,0,0,0,0,0,1,0,1,13,16,0,0,0,0,0,0,0,0,0,0,0,0,0,0,6,75,110,40.432,20,0
file_477,0,0,0,0,0,0,0,0,0,0,0,0,0,1,2,1,2,0,2,2,1,0,1,0,0,0,0,0,0,0,1,0,1,3,3,0,0,0,0,0,1,0,0,0,0,0,0,0,0,3,21,21,111.293,6,0
file_478,0,0,0,1,0,0,0,0,0,0,0,0,0,1,17,5,2,0,2,2,1,1,1,2,0,0,0,0,0,0,1,2,6,20,27,2,0,0,0,0,0,0,0,0,0,0,0,0,0,3,32,40,77.138,39,0
file_479,2,0,1,0,0,0,0,0,0,0,0,0,2,0,3,3,0,0,0,1,2,0,1,0,0,0,0,0,0,0,1,0,1,4,3,0,0,0,0,0,0,0,0,0,0,0,0,1,1,1,10,10,17.192,8,1
file_480,0,0,0,1,0,0,0,0,0,0,0,0,0,1,17,4,2,0,2,2,1,1,1,2,0,0,0,0,0,0,1,2,6,20,25,2,0,0,0,0,0,0,0,0,0,0,0,0,0,3,32,40,82.523,40,0
file_481,0,0,0,0,0,0,0,0,0,0,0,0,0,1,2,1,2,0,2,2,1,0,1,0,0,0,0,0,0,0,1,0,1,3,3,0,0,0,0,0,0,0,0,0,0,0,0,0,0,3,21,21,96.055,5,0
file_482,0,0,0,0,0,0,0,0,0,0,0,0,0,0,3,2,2,0,2,2,1,1,1,2,0,0,0,0,0,0,1,2,7,5,7,2,0,0,0,0,0,0,0,0,0,0,0,0,0,3,13,17,17.159,11,0
file_483,0,0,0,0,0,0,0,0,0,0,0,0,0,0,7,7,0,0,2,2,2,1,1,2,0,0,0,0,0,0,1,2,9,9,19,2,0,0,0,0,0,0,0,0,0,0,0,0,0,6,35,35,24.996,24,0
file_484,0,0,0,1,0,0,0,0,0,0,0,0,0,1,10,4,2,0,2,2,1,1,1,2,0,0,0,0,0,0,1,2,6,13,18,2,0,0,0,0,0,0,0,0,0,0,0,0,0,4,25,33,78.044,27,0
file_485,2,0,1,0,0,0,0,0,0,0,0,0,1,0,2,2,0,0,0,1,2,0,1,0,0,0,0,0,0,0,1,0,1,3,3,0,0,1,0,0,0,2,0,0,0,0,2,0,1,1,9,9,9.682,9,1
file_486,2,0,1,0,0,0,0,0,0,0,0,0,1,0,2,2,0,0,0,1,2,0,1,0,0,0,0,0,0,0,1,0,1,3,3,0,0,1,0,0,0,2,0,0,0,0,2,0,1,1,9,9,9.525,9,1
file_487,3,0,0,0,0,0,0,0,0,0,0,0,0,0,2,2,0,0,0,1,2,0,1,2,0,0,0,0,0,0,1,0,1,3,5,0,0,1,0,0,0,2,0,0,0,0,2,1,0,3,0,0,2.148,12,1
file_488,0,0,0,0,0,0,0,0,0,0,0,0,0,1,2,1,2,0,2,2,1,0,1,0,0,0,0,0,0,0,1,0,1,3,3,0,0,0,0,0,0,0,0,0,0,0,0,0,0,3,21,21,76.775,5,0
file_489,2,0,1,0,0,0,0,0,0,0,0,0,2,0,3,3,0,0,0,1,2,0,1,0,0,0,0,0,0,0,1,0,1,4,5,0,0,1,0,0,0,0,0,0,0,0,0,0,1,1,11,11,8.057,9,1
file_490,2,0,1,0,0,0,0,0,0,0,0,0,2,0,3,3,0,0,0,1,2,0,1,0,0,0,0,0,0,0,1,0,1,4,4,0,0,0,0,0,0,0,0,0,0,0,0,0,1,1,10,10,16.377,8,1
file_491,2,0,1,0,0,0,0,0,0,0,0,0,1,0,2,2,0,0,0,1,2,0,1,0,0,0,0,0,0,0,1,0,1,3,3,0,0,1,0,0,0,2,0,0,0,0,2,0,1,1,9,9,9.636,9,1
file_492,2,0,1,0,0,0,0,0,0,0,0,0,2,0,3,3,0,0,0,1,2,0,1,0,0,0,0,0,0,0,1,0,1,4,4,0,0,1,0,0,0,0,0,0,0,0,0,0,1,1,11,11,8.212,9,1
file_493,2,0,1,0,0,0,0,0,0,0,0,0,2,0,3,3,0,0,0,1,2,0,1,0,0,0,0,0,0,0,1,0,1,4,6,0,0,0,0,0,0,0,0,0,0,0,0,1,1,1,10,10,8.013,9,1
file_494,2,0,1,0,0,0,0,0,0,0,0,0,2,0,3,3,0,0,0,1,2,0,1,0,0,0,0,0,0,0,1,0,1,4,3,0,0,0,0,0,0,0,0,0,0,0,0,1,1,1,10,10,8.009,8,1
file_495,2,0,1,0,0,0,0,0,0,0,0,0,2,0,3,3,0,0,0,1,2,0,1,0,0,0,0,0,0,0,1,0,1,4,3,0,0,0,0,0,0,0,0,0,0,0,0,1,1,1,10,10,8.181,8,1
file_496,2,0,1,0,0,0,0,0,0,0,0,0,2,0,3,3,0,0,0,1,2,0,1,0,0,0,0,0,0,0,1,0,1,4,5,0,0,1,0,0,0,0,0,0,0,0,0,0,1,1,11,11,8.118,9,1
file_497,0,0,0,1,0,0,0,0,0,0,0,0,0,1,10,4,2,0,2,2,1,1,1,2,0,0,0,0,0,0,1,2,6,13,19,2,0,0,0,0,0,0,0,0,0,0,0,0,0,4,25,33,78.263,28,0
file_498,2,0,1,0,0,0,0,0,0,0,0,0,2,0,3,3,0,0,0,1,2,0,1,0,0,0,0,0,0,0,1,0,1,4,5,0,0,1,0,0,0,0,0,0,0,0,0,0,1,1,11,11,8.157,9,1
file_499,0,0,0,1,0,0,0,0,0,0,0,0,0,1,18,4,2,0,2,2,1,1,1,2,0,0,0,0,0,0,1,2,6,21,27,2,0,0,0,0,0,0,0,0,0,0,0,0,0,3,33,41,76.468,42,0
